TSA	06/01/2020	06/02/2020	06/03/2020	06/04/2020	06/05/2020	06/06/2020	06/07/2020	06/08/2020	06/09/2020	06/10/2020	06/11/2020	06/12/2020	06/13/2020	06/14/2020	06/15/2020	06/16/2020	06/17/2020	06/18/2020	06/19/2020	06/20/2020	06/21/2020	06/22/2020	06/23/2020	06/24/2020	06/25/2020	06/26/2020	06/27/2020	06/28/2020	06/29/2020	06/30/2020	07/01/2020	07/02/2020	07/03/2020	07/04/2020	07/05/2020	07/06/2020	07/07/2020	07/08/2020	07/09/2020	07/10/2020	07/11/2020	07/12/2020	07/13/2020	07/14/2020	07/15/2020	07/16/2020	07/17/2020	07/18/2020	07/19/2020	07/20/2020	07/21/2020	07/22/2020	07/23/2020	07/24/2020	07/25/2020	07/26/2020	07/27/2020	07/28/2020	07/29/2020	07/30/2020	07/31/2020	08/01/2020	08/02/2020	08/03/2020	08/04/2020	08/05/2020	08/06/2020	08/07/2020	08/08/2020	08/09/2020	08/10/2020	08/11/2020	08/12/2020	08/13/2020	08/14/2020	08/15/2020	08/16/2020	08/17/2020	08/18/2020	08/19/2020	08/20/2020	08/21/2020	08/22/2020	08/23/2020	08/24/2020	08/25/2020	08/26/2020	08/27/2020	08/28/2020	08/29/2020	08/30/2020	08/31/2020	09/01/2020	09/02/2020	09/03/2020	09/04/2020	09/05/2020	09/06/2020	09/07/2020	09/08/2020	09/09/2020	09/10/2020	09/11/2020	09/12/2020	09/13/2020	09/14/2020	09/15/2020	09/16/2020	09/17/2020	09/18/2020	09/19/2020	09/20/2020	09/21/2020	09/22/2020	09/23/2020	09/24/2020	09/25/2020	09/26/2020	09/27/2020	09/28/2020	09/29/2020	09/30/2020	10/01/2020	10/02/2020	10/03/2020	10/04/2020	10/05/2020	10/06/2020	10/07/2020	10/08/2020	10/09/2020	10/10/2020	10/11/2020	10/12/2020	10/13/2020	10/14/2020	10/15/2020	10/16/2020	10/17/2020	10/18/2020	10/19/2020	10/20/2020	10/21/2020	10/22/2020	10/23/2020	10/24/2020	10/25/2020	10/26/2020	10/27/2020	10/28/2020	10/29/2020	10/30/2020	10/31/2020	11/01/2020	11/02/2020	11/03/2020	11/04/2020	11/05/2020	11/06/2020	11/07/2020	11/08/2020	11/09/2020	11/10/2020	11/11/2020	11/12/2020	11/13/2020	11/14/2020	11/15/2020	11/16/2020	11/17/2020	11/18/2020	11/19/2020	11/20/2020	11/21/2020	11/22/2020	11/23/2020	11/24/2020	11/25/2020	11/26/2020	11/27/2020	11/28/2020	11/29/2020	11/30/2020	12/01/2020	12/02/2020	12/03/2020	12/04/2020	12/05/2020	12/06/2020	12/07/2020	12/08/2020	12/09/2020	12/10/2020	12/11/2020	12/12/2020	12/13/2020	12/14/2020	12/15/2020	12/16/2020	12/17/2020	12/18/2020	12/19/2020	12/20/2020	12/21/2020	12/22/2020	12/23/2020	12/24/2020	12/25/2020	12/26/2020	12/27/2020	12/28/2020	12/29/2020	12/30/2020	12/31/2020
A	32.41379310344827	30.76923076923077	26.02739726027397	30.49645390070922	28.87323943661972	27.20588235294117	37.03703703703704	33.33333333333333	28.666666666666668	27.7027027027027	33.33333333333333	37.41496598639456	35.810810810810814	36.11111111111111	35.41666666666667	34.21052631578947	33.55263157894737	29.411764705882355	28.169014084507044	28.169014084507044	33.54430379746836	34.104046242774565	29.25170068027211	20.80536912751678	19.607843137254903	18.954248366013072	26.451612903225808	31.67701863354037	31.543624161073826	25.503355704697988	25.32467532467532	23.33333333333333	23.48993288590604	23.64864864864865	29.86111111111111	28.37837837837838	25.517241379310345	25.67567567567568	26.53061224489796	25.657894736842103	20.56737588652482	26.811594202898554	22.857142857142858	26.174496644295303	22.602739726027394	22.36842105263158	20.54794520547945	25.0	22.53521126760564	22.36842105263158	18.91891891891892	17.647058823529413	26.61290322580645	28.27868852459016	55.28455284552846	25.196850393700785	42.05607476635514	46.36363636363636	32.432432432432435	33.108108108108105	45.04504504504504	26.5	35.333333333333336	34.66666666666667	32.83582089552239	35.82089552238806	34.84848484848485	32.82442748091603	33.08270676691729	33.83458646616541	33.582089552238806	32.83582089552239	35.46099290780142	36.231884057971016	40.15151515151515	38.51851851851852	37.77777777777778	38.51851851851852	35.714285714285715	35.60606060606061	35.25179856115108	36.80555555555556	36.48648648648648	37.41496598639456	39.735099337748345	37.5886524822695	39.00709219858156	39.86013986013986	38.46153846153847	36.48648648648648	36.48648648648648	35.810810810810814	36.02941176470589	37.086092715231786	36.84210526315789	37.17948717948718	37.17948717948718	36.53846153846153	37.17948717948718	37.17948717948718	37.25490196078432	37.735849056603776	35.6687898089172	37.57961783439491	37.34177215189873	37.5	33.33333333333333	33.97435897435898	37.35632183908046	37.12574850299401	35.44303797468354	35.8974358974359	36.41975308641975	34.5679012345679	36.14457831325301	35.625	36.809815950920246	38.18181818181819	37.03703703703704	36.36363636363637	36.36363636363637	36.25730994152047	37.57575757575757	36.64596273291926	37.10691823899371	37.735849056603776	37.17948717948718	32.93413173652694	33.88888888888889	33.13253012048193	33.95061728395062	6.956521739130435	11.607142857142858	12.06896551724138	5.932203389830509	5.785123966942149	10.852713178294572	12.213740458015266	9.67741935483871	7.43801652892562	4.958677685950414	3.488372093023256	6.451612903225806	3.149606299212598	8.396946564885496	6.557377049180328	7.43801652892562	4.6875	7.142857142857142	11.11111111111111	12.0	10.4	3.1746031746031744	2.419354838709677	4.477611940298507	6.521739130434782	7.236842105263158	4.225352112676056	11.801242236024844	7.092198581560284	8.450704225352112	8.450704225352112	2.484472049689441	3.225806451612903	3.0120481927710845	4.3478260869565215	5.442176870748299	4.72972972972973	4.054054054054054	5.405405405405405	5.333333333333334	4.081632653061225	3.401360544217688	4.0	4.635761589403973	3.355704697986577	5.806451612903226	5.69620253164557	6.25	5.357142857142857	7.428571428571429	5.681818181818182	5.747126436781609	4.054054054054054	5.46448087431694	2.702702702702702	3.825136612021858	10.0	9.62566844919786	8.900523560209423	8.421052631578947	5.5	5.5	4.477611940298507	3.684210526315789	5.319148936170213	3.191489361702128	3.763440860215054	6.521739130434782	5.82010582010582	6.349206349206349	7.329842931937172	4.864864864864865	4.787234042553192	6.382978723404255	6.878306878306878	10.106382978723405	8.55614973262032	9.72972972972973	7.936507936507936	6.382978723404255	5.376344086021505	6.417112299465241	9.803921568627452
B	30.344827586206897	18.55670103092784	9.782608695652174	19.186046511627907	16.666666666666664	22.09302325581396	25.0	26.923076923076923	28.662420382165603	29.19254658385093	21.21212121212121	20.35928143712575	21.0843373493976	26.285714285714285	27.32919254658385	24.15730337078652	26.589595375722546	21.83908045977012	16.455696202531644	27.225130890052355	26.627218934911244	24.71264367816092	21.875	17.177914110429448	19.16167664670659	16.969696969696972	16.265060240963855	20.48192771084337	21.73913043478261	15.294117647058824	13.17365269461078	12.429378531073446	20.11173184357542	20.46783625730994	13.93939393939394	12.280701754385964	9.523809523809524	11.976047904191615	11.515151515151516	11.235955056179774	12.972972972972974	14.754098360655735	12.021857923497269	7.142857142857142	10.9375	8.51063829787234	10.112359550561797	8.522727272727272	10.555555555555555	11.494252873563218	9.714285714285714	0.0	41.935483870967744	11.219512195121952	22.58064516129032	8.47953216374269	17.71428571428571	15.204678362573098	18.461538461538463	14.432989690721648	19.897959183673468	15.083798882681563	16.129032258064516	15.675675675675675	13.903743315508022	13.227513227513226	13.157894736842104	12.903225806451612	14.736842105263156	18.461538461538463	15.789473684210526	21.31979695431472	17.032967032967033	18.27956989247312	17.51412429378531	18.39080459770115	21.55688622754491	15.384615384615383	17.142857142857142	24.12060301507537	25.120772946859905	16.666666666666664	22.5130890052356	24.193548387096776	20.958083832335326	17.77777777777778	18.5792349726776	17.5531914893617	15.591397849462366	14.207650273224044	16.0	24.864864864864867	19.25133689839572	16.39344262295082	19.047619047619047	23.456790123456788	26.923076923076923	36.95652173913043	36.70212765957447	21.3903743315508	19.565217391304348	16.756756756756758	17.682926829268293	15.028901734104046	15.204678362573098	17.75147928994083	15.5	17.073170731707318	15.0	18.269230769230766	24.24242424242424	22.5	14.97326203208556	17.61904761904762	15.151515151515152	15.656565656565656	11.917098445595856	10.144927536231885	6.951871657754011	11.224489795918368	9.693877551020408	12.376237623762377	8.212560386473431	2.4875621890547266	5.911330049261084	8.292682926829269	6.944444444444445	9.722222222222223	6.60377358490566	5.365853658536586	12.38095238095238	11.682242990654206	10.294117647058822	10.396039603960396	9.803921568627452	8.780487804878048	6.912442396313365	6.467661691542288	11.057692307692308	9.047619047619047	5.687203791469194	11.688311688311687	5.504587155963304	8.695652173913043	8.24742268041237	8.673469387755102	7.575757575757576	8.173076923076923	9.82905982905983	13.761467889908255	14.814814814814811	9.90990990990991	8.411214953271028	6.451612903225806	7.981220657276995	7.834101382488479	11.848341232227488	10.648148148148149	10.85972850678733	8.860759493670885	7.048458149779736	6.637168141592921	9.01639344262295	7.423580786026202	9.60698689956332	7.52212389380531	9.333333333333334	9.051724137931034	7.5892857142857135	6.666666666666667	8.19672131147541	12.658227848101266	9.95475113122172	9.77777777777778	8.333333333333332	7.6923076923076925	7.6923076923076925	14.349775784753364	11.312217194570136	10.731707317073171	9.90566037735849	3.414634146341464	3.1390134529147984	5.333333333333334	3.636363636363636	7.017543859649122	6.392694063926941	6.018518518518518	6.392694063926941	7.111111111111111	6.382978723404255	6.086956521739131	3.524229074889868	3.463203463203463	4.444444444444445	5.855855855855856	9.29203539823009	10.212765957446807	7.234042553191489	10.822510822510822	6.074766355140187	4.3478260869565215	8.520179372197308	9.77777777777778	8.547008547008547	8.189655172413794	5.240174672489083	6.849315068493151	6.074766355140187	6.5420560747663545	11.363636363636363	10.95890410958904	5.970149253731343	8.962264150943396
C	41.46341463414634	41.46341463414634	51.21951219512195	43.24324324324324	50.0	31.64556962025317	27.027027027027028	40.0	35.55555555555556	34.090909090909086	40.0	40.0	38.63636363636363	26.82926829268293	45.65217391304348	33.33333333333333	40.54054054054054	31.818181818181817	27.500000000000004	24.390243902439025	26.1904761904762	29.72972972972973	27.906976744186046	28.88888888888889	35.294117647058826	30.434782608695656	31.11111111111111	31.11111111111111	36.0	34.69387755102041	33.33333333333333	28.88888888888889	28.88888888888889	31.91489361702128	26.666666666666668	32.608695652173914	30.434782608695656	33.33333333333333	32.608695652173914	34.14634146341464	35.714285714285715	37.2093023255814	34.61538461538461	29.166666666666668	32.5	29.268292682926827	34.090909090909086	34.090909090909086	32.55813953488372	34.14634146341464	36.36363636363637	26.82926829268293	14.492753623188406	23.52941176470588	28.000000000000004	23.52941176470588	25.0	25.37313432835821	31.428571428571427	46.15384615384615	48.71794871794872	45.0	42.10526315789473	44.73684210526316	31.57894736842105	26.31578947368421	20.51282051282051	23.684210526315788	30.0	40.0	38.095238095238095	30.55555555555556	32.432432432432435	28.205128205128204	33.33333333333333	28.205128205128204	30.76923076923077	33.33333333333333	33.33333333333333	26.1904761904762	26.1904761904762	26.1904761904762	22.5	21.428571428571427	35.714285714285715	23.809523809523807	27.27272727272727	26.1904761904762	33.33333333333333	41.46341463414634	33.33333333333333	33.33333333333333	38.095238095238095	35.714285714285715	38.46153846153847	38.46153846153847	30.76923076923077	44.18604651162791	46.51162790697674	34.88372093023256	34.88372093023256	34.090909090909086	30.434782608695656	28.26086956521739	25.0	26.08695652173913	26.08695652173913	23.91304347826087	21.73913043478261	28.205128205128204	26.82926829268293	25.64102564102564	25.64102564102564	27.500000000000004	28.205128205128204	25.64102564102564	34.090909090909086	41.02564102564102	41.02564102564102	25.64102564102564	32.5	23.684210526315788	35.13513513513514	32.432432432432435	43.24324324324324	43.24324324324324	43.24324324324324	21.62162162162162	21.62162162162162	23.684210526315788	23.684210526315788	25.64102564102564	25.0	20.51282051282051	18.421052631578945	23.07692307692308	20.51282051282051	20.0	20.0	25.64102564102564	29.268292682926827	28.205128205128204	28.205128205128204	30.23255813953488	30.23255813953488	30.23255813953488	26.82926829268293	23.07692307692308	26.82926829268293	19.565217391304348	31.818181818181817	33.33333333333333	41.86046511627907	46.51162790697674	46.51162790697674	27.906976744186046	24.390243902439025	34.88372093023256	31.70731707317073	25.58139534883721	23.809523809523807	23.809523809523807	18.367346938775512	20.0	13.461538461538462	21.27659574468085	28.26086956521739	23.404255319148938	15.909090909090908	8.695652173913043	10.638297872340424	10.869565217391305	10.869565217391305	10.638297872340424	11.363636363636363	11.363636363636363	16.666666666666664	10.256410256410255	34.0	26.666666666666668	14.285714285714285	14.285714285714285	13.636363636363637	13.636363636363637	18.75	13.333333333333334	13.333333333333334	20.0	22.5	25.71428571428571	35.0	30.0	22.22222222222222	21.428571428571427	32.432432432432435	28.57142857142857	23.943661971830984	21.428571428571427	25.396825396825395	23.809523809523807	27.11864406779661	23.33333333333333	23.63636363636364	31.03448275862069	21.5686274509804	28.57142857142857	22.41379310344828	15.254237288135592	7.4074074074074066	6.779661016949152	8.333333333333332	11.11111111111111	10.44776119402985	7.8125
D	47.45762711864407	33.33333333333333	31.57894736842105	36.84210526315789	38.46153846153847	44.06779661016949	42.85714285714285	46.55172413793103	40.0	41.46341463414634	27.27272727272727	20.0	44.44444444444444	51.28205128205128	44.73684210526316	40.67796610169492	34.54545454545455	40.0	21.62162162162162	33.33333333333333	26.82926829268293	29.310344827586203	31.746031746031743	27.11864406779661	31.14754098360656	28.57142857142857	38.70967741935484	25.925925925925924	27.77777777777778	29.629629629629623	19.51219512195122	20.51282051282051	29.23076923076924	35.483870967741936	29.310344827586203	33.80281690140845	32.857142857142854	30.985915492957744	23.684210526315788	23.07692307692308	23.728813559322035	37.87878787878788	32.35294117647059	19.565217391304348	20.930232558139537	26.31578947368421	32.25806451612903	27.41935483870968	39.39393939393939	36.98630136986301	29.577464788732392	27.13178294573644	34.645669291338585	33.88429752066116	42.64705882352941	42.74809160305343	19.23076923076924	9.183673469387756	19.29824561403509	16.94915254237288	11.904761904761903	38.70967741935484	28.125	25.71428571428571	25.333333333333336	13.636363636363637	14.516129032258066	7.84313725490196	18.867924528301888	14.583333333333334	13.725490196078432	18.64406779661017	15.0	10.9375	10.909090909090908	12.280701754385964	19.642857142857142	32.3943661971831	14.000000000000002	15.09433962264151	26.41509433962264	25.925925925925924	23.07692307692308	21.5686274509804	20.75471698113208	22.22222222222222	25.86206896551724	28.30188679245283	1.9230769230769231	7.272727272727272	7.142857142857142	7.84313725490196	5.769230769230769	9.803921568627452	18.0	14.893617021276595	12.244897959183673	17.02127659574468	16.0	11.320754716981131	17.647058823529413	20.454545454545457	25.58139534883721	18.367346938775512	16.666666666666664	21.5686274509804	27.659574468085108	11.76470588235294	6.0	20.0	20.930232558139537	23.07692307692308	25.0	17.5	16.666666666666664	13.636363636363637	17.77777777777778	18.181818181818183	23.684210526315788	29.545454545454547	6.25	6.521739130434782	6.382978723404255	13.333333333333334	12.76595744680851	12.76595744680851	13.953488372093023	20.454545454545457	7.317073170731707	11.363636363636363	6.8181818181818175	9.30232558139535	2.857142857142857	13.953488372093023	6.666666666666667	0.0	6.666666666666667	6.521739130434782	9.090909090909092	2.272727272727273	4.25531914893617	10.416666666666668	4.081632653061225	6.521739130434782	6.382978723404255	4.3478260869565215	10.638297872340424	8.51063829787234	12.0	4.25531914893617	8.0	6.25	4.081632653061225	4.444444444444445	4.444444444444445	2.2222222222222223	2.1739130434782608	2.1739130434782608	11.363636363636363	11.363636363636363	10.0	10.0	6.0	4.081632653061225	1.818181818181818	3.571428571428571	2.0	4.0	4.0	7.6923076923076925	1.9230769230769231	1.8867924528301887	1.7543859649122806	5.084745762711865	0.0	0.0	1.818181818181818	0.0	0.0	1.694915254237288	1.7857142857142856	3.571428571428571	5.357142857142857	3.571428571428571	0.0	3.4482758620689653	0.0	0.0	4.545454545454546	1.5151515151515151	0.0	0.0	0.0	0.0	3.1746031746031744	3.1746031746031744	1.7857142857142856	1.6129032258064515	0.0	1.5384615384615383	2.941176470588235	3.225806451612903	4.838709677419355	6.0606060606060606	9.375	7.8125	8.333333333333332	5.0	1.818181818181818	5.660377358490567	3.225806451612903	3.225806451612903	2.985074626865672	0.0
E	28.48928384736017	26.805194805194805	28.000000000000004	25.536261491317667	25.88780236747298	24.527310924369747	25.975538730343622	26.02291325695581	23.18206670311646	21.724890829694324	21.490750816104462	21.436343852013056	25.040562466197947	29.9939649969825	27.881040892193308	22.503961965134707	21.5748031496063	20.69327731092437	21.50706436420722	22.96801258521237	22.44456462952948	23.479188900747065	21.15987460815047	20.07242628039317	21.09768378650553	22.243902439024392	22.74590163934426	22.66035751840168	23.28767123287671	24.876981957353745	18.33987661245093	19.320843091334893	20.77922077922078	21.41549725442343	22.67977873386601	19.42926533090468	17.525162818235643	14.302461899179368	15.244261330194233	17.27810650887574	17.307692307692307	17.318099819603127	17.27218582489577	15.353181552831291	15.12893982808023	16.289592760180994	17.84090909090909	17.32418524871355	19.29316338354577	20.705092333519865	18.64969562811289	20.43956043956044	17.82312925170068	20.02670226969292	15.868263473053892	18.995098039215684	16.57722122838402	17.162872154115586	13.406848520023216	13.093196112064035	18.188795088257866	19.127272727272725	17.132442284325638	18.323353293413174	17.338003502626968	16.914285714285715	17.149478563151796	18.29484902309059	19.26770708283313	20.643594414086216	20.373719107896324	19.929453262786595	18.21428571428571	17.124105011933175	17.336532693461308	18.72037914691943	21.052631578947366	20.868014268727705	20.24647887323944	18.25581395348837	17.612638970157988	17.535545023696685	17.861409796893668	18.29634073185363	19.75757575757576	18.039687312086592	18.305687203791468	16.686602870813395	17.495611468695145	16.901408450704224	18.61547411285631	19.4765672550213	16.986794717887154	16.775728732897086	18.58407079646018	18.50728155339806	19.696048632218847	20.67714631197098	19.72586412395709	22.599880739415624	18.80952380952381	18.67612293144208	18.37933059307105	19.127316198445907	21.960072595281307	21.633150517976844	18.59774212715389	17.207415990730013	17.636887608069166	19.055944055944053	18.30065359477124	19.288728149487643	18.425760286225405	17.763975155279503	17.016029593094945	16.546329723225032	16.976604679064184	15.575221238938052	17.29490022172949	17.24728726442033	18.01801801801802	15.838339705079193	15.451107509454348	14.95427649273803	15.724946695095948	16.809881847475832	17.030812324929972	15.850302696752887	14.715189873417724	13.326337880377752	13.385826771653544	14.53790238836968	14.546430488459476	14.43526170798898	12.527233115468407	12.224017232094775	12.808875441250631	13.071895424836605	13.643410852713178	13.447559709241952	12.762605042016803	12.708860759493673	11.911764705882351	11.273792093704246	11.720321931589538	13.138324243926624	14.09090909090909	14.256515074093	10.59365404298874	9.48678071539658	9.44558521560575	8.223350253807107	8.512820512820513	8.864696734059098	9.375	9.011943539630836	8.160083160083161	8.673469387755102	9.12316269640142	10.179948586118252	11.51332327802916	11.276268580215277	9.277293695540749	8.572869389813414	8.469539375928678	7.34549138804458	6.663301362948006	7.36132711249352	6.770553465878559	6.28456510809452	5.5611729019211324	5.1448551448551445	5.885337392186707	5.645582854155776	6.573498964803312	6.4498644986449865	5.852674066599395	4.947916666666666	6.037544393708777	6.246773360867321	11.409068746952707	6.077922077922078	5.879345603271983	5.442176870748299	7.466281310211946	4.506329113924051	4.26679744973026	4.372722540343571	4.1210224308815855	3.133159268929504	3.957010258915486	3.6217303822937614	3.373015873015873	3.8461538461538463	3.4958148695224027	3.8559107052257735	3.3368644067796613	4.23469387755102	3.855659911023233	4.794520547945205	3.5180722891566263	3.816425120772947	4.090685066535239	4.324586977648202	3.554040895813048	4.322200392927308	3.791929995138552	4.75012370113805	4.3713163064833	4.079650315687227	3.1707317073170733	3.004694835680751	3.019213174748399	2.957486136783734
F	62.676056338028175	66.91176470588235	66.66666666666666	66.18705035971223	67.37588652482269	70.13888888888889	68.70748299319727	66.44736842105263	63.87096774193548	62.40601503759399	63.87096774193548	62.58064516129033	65.0	62.75862068965517	60.40268456375839	59.86842105263158	61.18421052631579	61.43790849673203	66.19718309859155	65.95744680851064	64.53900709219859	67.14285714285714	63.94557823129252	61.18421052631579	61.43790849673203	63.013698630136986	61.8421052631579	63.6986301369863	62.91390728476821	60.130718954248366	63.94557823129252	63.05732484076433	63.05732484076433	62.65822784810127	62.42038216560509	64.74358974358975	62.893081761006286	58.27814569536424	56.79012345679012	55.625	56.17283950617284	56.44171779141104	59.11949685534591	54.49101796407185	54.761904761904766	55.81395348837209	57.05128205128205	53.65853658536586	54.49101796407185	52.071005917159766	54.54545454545454	43.38235294117647	42.72300469483568	39.52569169960474	56.98324022346368	43.25396825396825	22.916666666666664	22.167487684729064	34.959349593495936	35.53719008264463	33.88429752066116	39.42307692307692	35.0	37.5	31.93277310924369	32.5	30.57851239669421	33.33333333333333	31.666666666666664	31.746031746031743	32.743362831858406	21.0	19.607843137254903	23.300970873786408	21.15384615384616	17.346938775510203	18.367346938775512	20.588235294117645	19.607843137254903	20.588235294117645	18.75	23.958333333333336	22.916666666666664	19.791666666666664	22.115384615384613	19.23076923076924	12.0	16.666666666666664	21.052631578947366	17.02127659574468	13.541666666666666	16.666666666666664	16.666666666666664	16.49484536082474	17.708333333333336	20.61855670103093	20.833333333333336	25.0	18.68131868131868	17.708333333333336	17.708333333333336	15.625	16.666666666666664	19.565217391304348	18.27956989247312	14.432989690721648	14.14141414141414	14.432989690721648	18.94736842105264	10.1010101010101	10.20408163265306	7.000000000000001	11.76470588235294	6.862745098039216	11.34020618556701	11.76470588235294	12.745098039215684	8.695652173913043	10.869565217391305	11.578947368421051	10.416666666666668	10.416666666666668	14.893617021276595	19.148936170212767	22.34042553191489	21.875	27.659574468085108	26.21359223300971	33.33333333333333	29.166666666666668	34.375	19.35483870967742	15.053763440860216	16.842105263157894	19.791666666666664	23.232323232323232	17.346938775510203	15.625	15.625	15.217391304347828	11.702127659574469	12.5	17.708333333333336	12.5	15.625	20.833333333333336	21.875	19.587628865979383	13.26530612244898	12.76595744680851	12.5	17.708333333333336	17.708333333333336	19.791666666666664	16.666666666666664	17.894736842105264	21.875	16.666666666666664	12.5	11.458333333333332	13.684210526315791	11.458333333333332	5.208333333333334	4.25531914893617	3.125	10.416666666666668	13.541666666666666	17.708333333333336	11.458333333333332	9.375	9.375	14.583333333333334	8.333333333333332	8.60215053763441	11.956521739130435	16.842105263157894	8.24742268041237	8.333333333333332	8.333333333333332	8.421052631578947	4.123711340206185	5.825242718446602	2.9702970297029703	3.0	6.25	6.185567010309279	8.333333333333332	6.0	4.123711340206185	3.0303030303030303	6.0606060606060606	5.1020408163265305	4.950495049504951	5.0	10.0	9.375	8.16326530612245	11.0	8.16326530612245	7.216494845360824	11.458333333333332	6.122448979591836	7.07070707070707	8.16326530612245	12.244897959183673	9.70873786407767	6.122448979591836	24.107142857142858	24.793388429752067	7.291666666666667	9.183673469387756	7.142857142857142	4.081632653061225	5.0
G	34.42136498516321	28.075709779179807	28.93081761006289	27.8125	27.607361963190183	28.57142857142857	22.105263157894736	34.84848484848485	28.478964401294498	24.0	23.624595469255663	25.161290322580644	27.81456953642384	24.829931972789115	22.666666666666664	20.875420875420875	18.64951768488746	22.006472491909385	23.88535031847134	21.5686274509804	28.33876221498372	26.31578947368421	24.509803921568626	23.322683706070286	25.159235668789808	29.677419354838708	29.03225806451613	30.47619047619048	27.07006369426752	27.1875	24.61059190031153	27.72585669781932	27.8125	32.70440251572327	30.69620253164557	31.93548387096774	28.391167192429023	27.10280373831776	26.15384615384616	25.15527950310559	25.617283950617285	27.1875	22.955974842767297	21.75226586102719	22.45508982035928	21.846153846153847	21.951219512195124	22.22222222222222	20.77151335311573	18.885448916408667	19.26605504587156	12.4031007751938	26.36986301369863	7.003891050583658	8.333333333333332	10.79136690647482	8.503401360544217	8.970099667774086	6.185567010309279	8.620689655172415	22.818791946308725	13.725490196078432	13.175675675675674	12.203389830508476	12.852664576802509	13.099041533546329	12.37785016286645	14.18918918918919	11.724137931034482	8.450704225352112	12.37458193979933	13.422818791946307	13.058419243986256	12.333333333333334	11.589403973509931	14.838709677419354	13.96103896103896	14.56953642384106	9.570957095709572	12.5	11.34020618556701	15.463917525773196	15.120274914089348	14.487632508833922	12.794612794612794	12.91390728476821	13.953488372093023	13.559322033898304	12.0	12.040133779264217	15.151515151515152	11.14864864864865	9.210526315789473	9.523809523809524	8.012820512820513	10.37735849056604	9.24092409240924	8.053691275167784	8.21917808219178	9.32475884244373	9.294871794871796	7.741935483870968	8.766233766233766	10.610932475884244	10.967741935483872	10.06711409395973	10.828025477707008	8.333333333333332	11.89710610932476	14.473684210526317	13.898305084745765	16.49484536082474	16.83848797250859	15.878378378378375	15.488215488215488	12.32876712328767	17.627118644067796	16.206896551724135	13.31058020477816	15.172413793103448	8.96551724137931	12.837837837837837	9.215017064846416	8.275862068965518	9.183673469387756	14.521452145214525	14.000000000000002	8.59106529209622	8.19112627986348	6.802721088435375	8.873720136518772	10.344827586206897	10.104529616724738	8.275862068965518	9.183673469387756	8.637873754152823	5.723905723905724	5.762711864406779	5.802047781569966	7.457627118644068	7.612456747404845	4.09556313993174	4.983388704318937	3.424657534246576	4.137931034482759	8.96551724137931	8.304498269896193	8.19112627986348	8.561643835616438	10.847457627118644	10.16949152542373	11.864406779661016	8.421052631578947	8.741258741258742	8.620689655172415	8.24742268041237	10.309278350515465	11.11111111111111	8.304498269896193	10.0	10.580204778156997	13.945578231292515	9.863945578231291	7.746478873239436	10.616438356164384	9.58904109589041	8.421052631578947	7.958477508650519	9.764309764309765	8.552631578947368	7.82312925170068	11.22112211221122	10.666666666666668	12.052117263843648	8.695652173913043	8.02675585284281	6.270627062706271	6.164383561643835	7.849829351535837	6.101694915254238	5.555555555555555	9.215017064846416	6.930693069306932	6.270627062706271	4.5602605863192185	7.868852459016394	8.609271523178808	7.308970099667775	7.395498392282958	6.25	7.763975155279502	5.144694533762058	16.129032258064516	8.544303797468354	9.14826498422713	7.961783439490445	7.419354838709677	8.832807570977918	9.206349206349207	8.074534161490684	7.763975155279502	7.6923076923076925	7.741935483870968	9.17721518987342	7.861635220125786	10.21671826625387	7.9113924050632916	7.07395498392283	8.176100628930817	5.88235294117647	5.329153605015674	6.153846153846154	6.1946902654867255	8.55457227138643
H	25.0	15.942028985507244	27.536231884057973	26.08695652173913	24.637681159420293	22.388059701492537	20.28985507246377	24.65753424657534	15.384615384615383	13.043478260869565	13.114754098360656	11.594202898550725	14.492753623188406	20.28985507246377	23.18840579710145	24.637681159420293	13.043478260869565	18.84057971014493	20.28985507246377	18.84057971014493	15.942028985507244	23.18840579710145	20.28985507246377	26.08695652173913	26.08695652173913	30.434782608695656	27.536231884057973	14.492753623188406	17.391304347826086	14.492753623188406	15.942028985507244	14.492753623188406	11.594202898550725	11.594202898550725	14.492753623188406	14.492753623188406	14.492753623188406	8.695652173913043	10.144927536231885	21.73913043478261	17.391304347826086	20.28985507246377	20.28985507246377	15.942028985507244	24.637681159420293	11.594202898550725	28.98550724637681	15.942028985507244	24.637681159420293	7.246376811594203	31.88405797101449	39.436619718309856	11.11111111111111	8.641975308641975	100.0	20.0	6.161137440758294	19.718309859154928	12.676056338028168	7.042253521126761	8.641975308641975	19.27710843373494	9.876543209876544	4.938271604938271	11.11111111111111	13.580246913580249	12.643678160919542	17.28395061728395	44.230769230769226	20.98765432098765	19.753086419753085	17.5	12.34567901234568	14.457831325301203	13.043478260869565	8.571428571428571	18.461538461538463	12.195121951219512	9.75609756097561	13.414634146341465	13.414634146341465	11.76470588235294	17.28395061728395	25.806451612903224	23.17073170731708	17.073170731707318	17.28395061728395	22.988505747126435	21.176470588235293	16.049382716049383	16.867469879518072	14.814814814814811	13.580246913580249	15.66265060240964	8.641975308641975	12.32876712328767	15.0	16.666666666666664	18.29268292682927	17.105263157894736	16.049382716049383	18.05555555555556	12.0	15.584415584415584	12.162162162162163	19.718309859154928	17.91044776119403	26.785714285714285	23.07692307692308	18.0327868852459	15.384615384615383	17.391304347826086	11.688311688311687	1.351351351351351	6.493506493506493	12.162162162162163	9.859154929577464	14.666666666666666	22.727272727272727	14.285714285714285	12.12121212121212	18.666666666666668	21.53846153846154	31.666666666666664	23.4375	16.883116883116884	18.421052631578945	17.56756756756757	23.61111111111111	18.30985915492958	17.1875	26.47058823529412	39.285714285714285	18.05555555555556	9.722222222222223	13.333333333333334	15.942028985507244	10.256410256410255	14.0625	18.30985915492958	9.523809523809524	14.285714285714285	8.0	24.285714285714285	13.23529411764706	10.975609756097562	8.928571428571429	6.849315068493151	13.157894736842104	9.58904109589041	16.43835616438356	23.28767123287671	17.142857142857142	9.859154929577464	16.216216216216218	20.0	19.23076923076924	30.35714285714285	18.91891891891892	23.61111111111111	22.857142857142858	24.561403508771928	24.324324324324326	30.0	26.38888888888889	23.61111111111111	27.536231884057973	26.785714285714285	17.142857142857142	22.857142857142858	20.27027027027027	20.27027027027027	25.0	38.57142857142858	18.05555555555556	18.91891891891892	18.91891891891892	29.72972972972973	35.44303797468354	36.36363636363637	30.48780487804878	31.506849315068493	27.3972602739726	11.76470588235294	7.352941176470589	13.432835820895525	22.388059701492537	18.571428571428573	20.588235294117645	20.28985507246377	10.294117647058822	19.23076923076924	11.11111111111111	8.823529411764707	13.23529411764706	14.925373134328357	20.3125	11.76470588235294	8.823529411764707	9.15492957746479	11.267605633802818	12.857142857142856	19.69696969696969	25.75757575757576	13.043478260869565	18.666666666666668	17.46031746031746	22.388059701492537	28.35820895522388	30.985915492957744	13.432835820895525	11.428571428571429	5.47945205479452	14.0625
I	15.354330708661418	14.671814671814673	16.47509578544061	17.692307692307693	15.769230769230768	16.22641509433962	17.669172932330827	14.393939393939394	15.909090909090908	13.186813186813188	15.444015444015443	17.94871794871795	21.09090909090909	24.13793103448276	23.616236162361623	23.591549295774648	23.57142857142857	23.404255319148938	19.23076923076924	15.354330708661418	17.760617760617762	19.444444444444446	19.758064516129032	21.88679245283019	18.88888888888889	16.28787878787879	15.129151291512915	16.091954022988507	15.0197628458498	13.829787234042554	10.646387832699618	17.142857142857142	21.96078431372549	20.84942084942085	20.53231939163498	17.803030303030305	12.406015037593985	13.108614232209735	12.592592592592592	12.030075187969924	13.48314606741573	13.20754716981132	11.83206106870229	9.25925925925926	8.396946564885496	8.695652173913043	8.712121212121213	8.712121212121213	9.59409594095941	10.980392156862743	9.433962264150944	47.368421052631575	5.314009661835748	3.7037037037037033	6.779661016949152	8.712121212121213	8.076923076923077	7.307692307692308	7.08955223880597	5.839416058394161	7.042253521126761	10.44776119402985	7.119741100323624	7.5	7.168458781362006	7.553956834532374	12.260536398467432	16.25441696113074	15.492957746478872	12.915129151291511	16.48745519713262	13.167259786476867	12.773722627737229	11.320754716981131	15.75091575091575	10.79136690647482	13.432835820895525	15.384615384615383	17.374517374517374	16.141732283464567	11.618257261410788	15.2	14.285714285714285	16.791044776119403	16.044776119402986	22.491349480968857	21.305841924398624	18.900343642611684	9.433962264150944	8.823529411764707	10.218978102189782	15.530303030303031	10.30534351145038	9.89010989010989	12.962962962962962	12.177121771217712	11.67883211678832	12.915129151291511	10.980392156862743	11.673151750972762	7.865168539325842	10.0	10.943396226415096	12.075471698113208	12.12121212121212	11.895910780669144	9.7165991902834	8.75	9.765625	8.015267175572518	11.11111111111111	12.87878787878788	12.015503875968992	8.235294117647058	6.7164179104477615	5.747126436781609	3.8461538461538463	3.891050583657588	8.880308880308881	4.3478260869565215	6.22568093385214	6.153846153846154	6.844106463878327	9.818181818181818	7.272727272727272	9.398496240601505	10.505836575875486	8.949416342412452	9.505703422053232	6.25	4.676258992805756	7.462686567164178	5.514705882352941	3.435114503816794	3.7037037037037033	2.9629629629629632	3.0303030303030303	2.5735294117647056	6.159420289855073	5.904059040590406	6.115107913669065	6.25	3.571428571428571	3.548387096774193	3.5502958579881656	3.963414634146341	5.521472392638037	5.88235294117647	6.575342465753424	5.753424657534247	3.825136612021858	4.507042253521127	4.010025062656641	3.731343283582089	4.265402843601896	4.883720930232558	3.4965034965034967	6.401766004415011	6.047516198704104	6.919642857142858	10.90146750524109	10.993657505285412	10.759493670886076	15.071283095723016	11.498973305954824	12.5	6.976744186046512	9.740259740259742	9.54356846473029	12.73100616016427	12.97071129707113	15.461847389558232	14.741035856573706	16.767676767676768	15.319148936170212	10.50328227571116	11.958762886597938	12.343096234309623	12.173913043478262	11.842105263157894	11.496746203904555	12.025316455696204	12.210526315789473	11.08786610878661	10.855949895615868	10.492505353319055	10.78838174273859	10.526315789473683	13.636363636363637	11.904761904761903	11.713665943600867	13.070539419087138	13.665943600867678	13.548387096774196	15.178571428571429	14.508928571428571	13.51981351981352	16.626506024096386	17.475728155339805	15.942028985507244	18.39622641509434	16.867469879518072	15.06172839506173	18.40796019900497	18.952618453865338	20.437956204379564	16.995073891625616	18.5378590078329	18.205128205128204	19.34673366834171	17.05426356589147	13.404825737265416	13.61111111111111	13.687150837988826
J	46.06741573033708	43.47826086956522	41.86046511627907	44.57831325301205	39.74358974358975	47.61904761904761	54.21686746987952	59.25925925925925	57.3170731707317	48.93617021276596	47.05882352941176	45.45454545454545	45.78313253012048	49.41176470588236	48.86363636363637	52.27272727272727	48.86363636363637	50.0	42.69662921348314	51.61290322580645	51.06382978723404	43.61702127659575	36.95652173913043	37.5	35.714285714285715	34.523809523809526	31.70731707317073	41.75824175824176	38.297872340425535	36.17021276595745	38.55421686746988	26.82926829268293	29.88505747126437	19.27710843373494	31.818181818181817	32.53012048192771	32.53012048192771	32.53012048192771	18.181818181818183	30.337078651685395	38.63636363636363	30.0	29.069767441860467	35.483870967741936	37.93103448275862	30.392156862745097	20.0	19.101123595505616	24.444444444444443	27.472527472527474	35.84905660377358		35.96491228070175	33.057851239669425	37.2093023255814	29.126213592233007	41.07142857142857	47.86324786324786	49.57983193277311	44.537815126050425	35.96491228070175	43.02325581395349	37.5	40.625	48.11320754716981	44.55445544554456	37.80487804878049	24.09638554216868	25.0	26.744186046511626	28.88888888888889	31.11111111111111	41.05263157894737	44.55445544554456	37.93103448275862	37.362637362637365	42.35294117647059	45.33333333333333	48.57142857142857	38.0281690140845	50.57471264367817	54.285714285714285	55.140186915887845	53.92156862745098	48.54368932038835	42.42424242424242	39.24050632911392	39.75903614457831	36.47058823529412	49.01960784313725	52.57731958762887	51.19047619047619	44.44444444444444	42.85714285714285	41.11111111111111	51.61290322580645	46.73913043478261	47.05882352941176	55.42168674698795	59.25925925925925	47.674418604651166	48.38709677419355	51.13636363636363	44.44444444444444	46.590909090909086	42.68292682926829	48.78048780487805	40.69767441860465	37.64705882352941	35.55555555555556	38.372093023255815	43.67816091954023	42.35294117647059	44.0	42.465753424657535	46.96969696969697	50.64935064935064	46.66666666666666	43.56435643564357	45.45454545454545	39.175257731958766	46.83544303797469	46.913580246913575	46.590909090909086	47.19101123595505	48.14814814814815	47.5609756097561	48.14814814814815	46.34146341463415	32.05128205128205	31.428571428571427	30.48780487804878	37.07865168539326	30.0	44.70588235294118	45.23809523809524	33.33333333333333	31.77570093457944	28.846153846153843	33.94495412844037	32.97872340425532	30.48780487804878	30.95238095238096	31.37254901960784	30.973451327433622	27.927927927927925	41.28440366972477	38.26086956521739	36.60714285714285	33.587786259541986	32.30769230769231	34.10852713178294	35.43307086614173	33.064516129032256	33.582089552238806	30.23255813953488	26.666666666666668	25.71428571428571	29.411764705882355	29.32330827067669	30.49645390070922	30.49645390070922	31.97278911564626	29.25170068027211	28.67132867132868	23.809523809523807	27.7027027027027	28.000000000000004	37.24137931034483	33.56643356643357	33.12883435582822	28.484848484848484	31.14754098360656	29.92125984251969	33.07086614173229	35.65891472868217	33.07692307692307	33.85826771653544	36.36363636363637	30.46875	33.33333333333333	31.29770992366413	28.8	33.6283185840708	33.63636363636363	30.8411214953271	25.352112676056336	24.24242424242424	31.35593220338983	37.93103448275862	32.20338983050847	34.710743801652896	28.02547770700637	28.75816993464052	26.70807453416149	29.8780487804878	29.677419354838708	28.48101265822785	16.296296296296298	25.899280575539567	27.81456953642384	29.28571428571429	30.26315789473684	35.483870967741936	34.64052287581699	25.32467532467532	27.848101265822784	33.92857142857143	41.875	36.66666666666666	32.70440251572327	36.24161073825504	31.03448275862069	29.1970802919708
K	26.923076923076923	33.33333333333333	30.76923076923077	43.75	26.923076923076923	22.22222222222222	26.08695652173913	32.142857142857146	39.285714285714285	35.714285714285715	33.33333333333333	33.33333333333333	32.142857142857146	34.61538461538461	37.03703703703704	18.51851851851852	11.11111111111111	11.11111111111111	14.814814814814811	18.51851851851852	33.33333333333333	34.48275862068966	26.923076923076923	38.70967741935484	39.285714285714285	38.46153846153847	41.37931034482759	46.66666666666666	43.333333333333336	43.333333333333336	43.333333333333336	41.935483870967744	32.25806451612903	29.03225806451613	29.03225806451613	26.666666666666668	31.03448275862069	54.54545454545454	39.39393939393939	41.935483870967744	41.935483870967744	48.38709677419355	45.45454545454545	48.38709677419355	35.483870967741936	48.38709677419355	46.66666666666666	46.875	55.172413793103445	36.66666666666666	32.25806451612903				21.052631578947366	34.78260869565217	43.47826086956522	68.75	66.0	31.428571428571427	68.75	50.877192982456144	55.76923076923077	59.18367346938776	54.71698113207547	56.86274509803921	54.71698113207547	54.71698113207547	55.76923076923077	57.99999999999999	60.41666666666666	59.18367346938776	60.41666666666666	55.76923076923077	53.70370370370371	55.76923076923077	52.72727272727272	56.86274509803921	56.86274509803921	55.76923076923077	53.70370370370371	53.70370370370371	53.70370370370371	55.76923076923077	56.86274509803921	56.86274509803921	56.86274509803921	57.99999999999999	61.70212765957447	63.04347826086957	61.70212765957447	65.9090909090909	65.9090909090909	61.70212765957447	60.41666666666666	63.04347826086957	61.70212765957447	65.9090909090909	64.44444444444444	60.41666666666666	59.18367346938776	55.76923076923077	56.86274509803921	56.86274509803921	56.86274509803921	64.44444444444444	64.44444444444444	63.04347826086957	65.9090909090909	63.04347826086957	60.41666666666666	68.08510638297872	73.58490566037736	76.0	70.0	70.0	67.3076923076923	70.0	70.0	66.66666666666666	63.46153846153846	59.45945945945946	57.57575757575758	52.77777777777778	57.57575757575758	61.76470588235294	68.29268292682927	58.53658536585365	60.97560975609756	55.81395348837209	35.8974358974359	44.18604651162791	36.58536585365854	36.58536585365854	36.58536585365854	46.15384615384615	37.5	35.714285714285715	35.714285714285715	35.714285714285715	0.0	42.85714285714285	40.0	39.02439024390244	42.5	41.66666666666667	37.5	38.46153846153847	60.71428571428571	50.0	47.61904761904761	34.21052631578947	34.21052631578947	34.21052631578947	48.48484848484848	47.05882352941176	48.78048780487805	47.61904761904761	46.51162790697674	53.48837209302325	59.09090909090909	59.523809523809526	46.66666666666666	47.61904761904761	40.909090909090914	42.22222222222222	51.11111111111111	48.93617021276596	52.38095238095239	45.23809523809524	43.90243902439025	43.90243902439025	46.34146341463415	41.46341463414634	41.46341463414634	43.90243902439025	43.18181818181818	45.45454545454545	45.45454545454545	47.61904761904761	47.61904761904761	38.63636363636363	31.818181818181817	25.58139534883721	34.88372093023256	27.906976744186046	30.23255813953488	44.18604651162791	44.18604651162791	53.48837209302325	44.18604651162791	41.86046511627907	34.88372093023256	37.2093023255814	41.86046511627907	41.86046511627907	39.53488372093023	46.51162790697674	46.51162790697674	51.16279069767442	46.51162790697674	55.81395348837209	46.51162790697674	48.837209302325576	44.18604651162791	32.55813953488372	37.2093023255814	48.837209302325576	46.51162790697674	39.53488372093023	32.55813953488372	25.58139534883721	25.58139534883721	43.18181818181818
L	11.724137931034482	12.162162162162163	13.725490196078432	11.76470588235294	11.971830985915492	15.217391304347828	13.10344827586207	11.11111111111111	7.801418439716312	7.638888888888889	11.258278145695364	13.422818791946307	16.129032258064516	16.233766233766232	13.60544217687075	13.333333333333334	15.853658536585366	14.093959731543624	13.245033112582782	16.25	7.518796992481203	9.48905109489051	8.391608391608392	16.129032258064516	16.049382716049383	9.271523178807946	19.49685534591195	19.51219512195122	12.08053691275168	11.643835616438356	18.633540372670808	20.12987012987013	16.55629139072848	12.5	12.676056338028168	12.0	8.280254777070063	16.27906976744186	15.384615384615383	5.590062111801243	7.547169811320755	9.375	10.429447852760736	8.982035928143713	7.4074074074074066	8.641975308641975	11.976047904191615	7.100591715976331	13.450292397660816	11.176470588235295	11.176470588235295	27.77777777777778	25.454545454545453	16.842105263157894	9.00900900900901	19.00826446280992	21.705426356589147	20.149253731343283	25.75757575757576	30.28169014084507	18.75	21.00840336134453	29.78723404255319	34.645669291338585	23.684210526315788	20.16806722689076	22.76422764227642	27.55905511811024	24.615384615384617	43.07692307692308	40.909090909090914	39.70588235294117	22.727272727272727	23.18840579710145	26.47058823529412	50.66666666666667	52.05479452054794	49.31506849315068	21.1864406779661	22.58064516129032	15.517241379310343	22.5	24.59016393442623	22.689075630252105	21.951219512195124	22.794117647058822	18.43971631205673	18.84057971014493	20.6896551724138	20.863309352517987	23.18840579710145	25.203252032520325	23.52941176470588	21.67832167832168	20.13888888888889	20.149253731343283	23.62204724409449	25.196850393700785	23.13432835820896	25.58139534883721	23.015873015873016	18.0327868852459	17.424242424242426	19.402985074626866	21.428571428571427	18.69918699186992	21.666666666666668	25.203252032520325	26.229508196721312	20.8	22.22222222222222	22.950819672131143	19.491525423728813	26.82926829268293	25.19083969465649	25.384615384615383	27.819548872180448	24.06015037593985	22.30769230769231	22.30769230769231	19.84732824427481	20.610687022900763	20.930232558139537	20.610687022900763	22.48062015503876	22.88135593220339	17.687074829931973	15.2317880794702	19.745222929936308	23.91304347826087	24.817518248175183	24.62686567164179	28.000000000000004	23.484848484848484	25.73529411764705	23.18840579710145	17.91044776119403	16.78832116788321	27.55905511811024	26.4	25.185185185185183	15.714285714285714	25.352112676056336	22.53521126760564	21.428571428571427	22.857142857142858	25.563909774436087	25.78125	19.402985074626866	18.79699248120301	20.30075187969925	17.293233082706767	22.4	22.4	20.77922077922078	25.185185185185183	20.14388489208633	17.391304347826086	16.546762589928058	14.285714285714285	19.69696969696969	19.402985074626866	18.115942028985508	25.73529411764705	24.444444444444443	24.615384615384617	26.356589147286822	26.77165354330709	21.67487684729064	20.74074074074074	21.897810218978105	17.557251908396946	16.40625	17.647058823529413	16.541353383458645	20.8955223880597	18.045112781954884	20.51282051282051	17.02127659574468	22.22222222222222	19.68503937007874	17.741935483870968	17.829457364341085	20.967741935483872	18.97810218978102	19.25925925925926	17.91044776119403	17.91044776119403	18.253968253968253	18.65671641791045	17.037037037037038	19.23076923076924	18.89763779527559	22.12389380530973	19.166666666666668	21.951219512195124	25.0	20.32520325203252	16.546762589928058	19.148936170212767	17.985611510791365	20.161290322580644	20.49180327868853	19.84126984126984	17.36111111111111	20.149253731343283	21.311475409836063	20.6896551724138	23.770491803278688	18.3206106870229	19.25925925925926	15.568862275449105	13.48314606741573	14.3646408839779
M	22.807017543859647	28.07017543859649	36.11111111111111	40.27777777777778	24.13793103448276	30.303030303030305	14.814814814814811	12.06896551724138	17.24137931034483	27.58620689655172	29.310344827586203	34.48275862068966	24.07407407407408	20.37037037037037	26.666666666666668	25.86206896551724	24.193548387096776	28.33333333333333	19.29824561403509	15.789473684210526	28.07017543859649	17.543859649122805	12.280701754385964	10.9375	11.11111111111111	15.873015873015872	17.91044776119403	20.63492063492064	29.85074626865672	26.47058823529412	20.588235294117645	25.75757575757576	30.303030303030305	29.508196721311474	30.434782608695656	15.942028985507244	10.606060606060606	10.144927536231885	4.285714285714286	11.29032258064516	12.06896551724138	19.672131147540984	15.0	3.571428571428571	11.475409836065571	22.22222222222222	19.29824561403509	21.052631578947366	25.0	14.814814814814811	23.33333333333333	100.0	37.5	47.05882352941176	32.35294117647059	35.294117647058826	13.79310344827586	5.172413793103448	6.896551724137931	14.925373134328357	42.85714285714285	12.5	16.129032258064516	16.923076923076923	22.41379310344828	20.6896551724138	10.344827586206897	3.7037037037037033	11.11111111111111	11.11111111111111	9.25925925925926	5.555555555555555	5.454545454545454	9.836065573770492	14.516129032258066	14.285714285714285	6.349206349206349	10.0	5.084745762711865	8.47457627118644	13.79310344827586	12.06896551724138	16.94915254237288	17.24137931034483	10.909090909090908	12.727272727272728	10.909090909090908	10.909090909090908	10.714285714285714	12.5	21.428571428571427	25.454545454545453	18.51851851851852	16.071428571428573	7.6923076923076925	3.7037037037037033	18.367346938775512	24.0	23.07692307692308	29.09090909090909	23.63636363636364	22.807017543859647	21.428571428571427	26.785714285714285	23.214285714285715	19.642857142857142	14.545454545454543	8.928571428571429	8.333333333333332	14.285714285714285	10.714285714285714	20.0	25.0	19.642857142857142	15.789473684210526	19.29824561403509	19.29824561403509	11.11111111111111	19.29824561403509	12.962962962962962	16.666666666666664	6.666666666666667	16.071428571428573	23.214285714285715	20.33898305084746	10.714285714285714	12.5	16.071428571428573	25.0	19.642857142857142	15.384615384615383	11.538461538461538	21.818181818181817	12.727272727272728	8.928571428571429	14.035087719298245	7.142857142857142	12.727272727272728	17.857142857142858	14.285714285714285	12.5	14.285714285714285	19.642857142857142	10.714285714285714	12.280701754385964	16.071428571428573	19.642857142857142	20.0	20.0	17.857142857142858	12.06896551724138	17.24137931034483	17.24137931034483	13.79310344827586	20.6896551724138	8.771929824561402	11.864406779661016	5.0	12.06896551724138	14.285714285714285	17.857142857142858	16.071428571428573	12.5	8.928571428571429	1.7543859649122806	12.06896551724138	15.517241379310343	27.58620689655172	30.508474576271187	10.526315789473683	17.24137931034483	7.042253521126761	7.042253521126761	9.333333333333334	5.714285714285714	5.797101449275362	1.4925373134328357	7.246376811594203	8.108108108108109	8.333333333333332	11.267605633802818	5.797101449275362	2.857142857142857	0.0	0.0	0.0	1.4705882352941175	5.47945205479452	1.3157894736842104	4.10958904109589	1.36986301369863	1.282051282051282	2.469135802469136	6.493506493506493	2.631578947368421	1.3333333333333337	2.666666666666667	5.263157894736842	6.493506493506493	5.194805194805195	4.10958904109589	5.47945205479452	8.108108108108109	10.81081081081081	9.876543209876544	3.7037037037037033	4.761904761904762	1.2195121951219512	5.0	4.938271604938271	6.172839506172839	6.493506493506493	7.4074074074074066	8.235294117647058
N	49.01960784313725	54.90196078431373	41.30434782608695	49.01960784313725	45.23809523809524	42.22222222222222	46.51162790697674	48.14814814814815	46.15384615384615	34.78260869565217	38.88888888888889	42.85714285714285	39.58333333333333	44.0	33.33333333333333	20.833333333333336	23.07692307692308	27.08333333333333	26.785714285714285	30.909090909090907	44.82758620689656	42.85714285714285	31.37254901960784	28.26086956521739	22.916666666666664	31.25	32.608695652173914	38.46153846153847	37.735849056603776	22.727272727272727	28.57142857142857	28.57142857142857	21.73913043478261	28.57142857142857	29.78723404255319	31.91489361702128	25.0	19.148936170212767	22.22222222222222	26.41509433962264	21.15384615384616	25.49019607843137	6.521739130434782	2.1739130434782608	6.382978723404255	9.30232558139535	11.363636363636363	13.333333333333334	22.916666666666664	9.30232558139535	11.627906976744184	5.555555555555555	5.88235294117647	11.904761904761903	14.285714285714285	6.8181818181818175	13.953488372093023	9.523809523809524	4.878048780487805	21.5686274509804	7.894736842105263	10.526315789473683	4.761904761904762	6.976744186046512	8.333333333333332	6.25	6.0	6.25	6.382978723404255	11.627906976744184	19.047619047619047	9.30232558139535	2.564102564102564	13.953488372093023	13.513513513513514	25.58139534883721	28.26086956521739	18.421052631578945	10.81081081081081	20.51282051282051	15.151515151515152	18.181818181818183	16.129032258064516	21.052631578947366	17.94871794871795	15.789473684210526	10.0	12.195121951219512	10.526315789473683	16.216216216216218	13.157894736842104	7.5	4.444444444444445	8.88888888888889	14.893617021276595	21.27659574468085	20.0	17.647058823529413	13.953488372093023	19.148936170212767	18.91891891891892	26.08695652173913	13.88888888888889	11.11111111111111	22.22222222222222	24.444444444444443	19.148936170212767	10.81081081081081	23.404255319148938	31.25	25.0	37.142857142857146	35.13513513513514	27.27272727272727	37.2093023255814	35.13513513513514	20.588235294117645	26.31578947368421	17.647058823529413	22.22222222222222	32.55813953488372	22.22222222222222	5.405405405405405	32.6530612244898	28.57142857142857	20.0	22.727272727272727	19.047619047619047	14.285714285714285	12.5	7.317073170731707	20.930232558139537	10.526315789473683	22.857142857142858	14.285714285714285	4.651162790697675	8.88888888888889	12.244897959183673	4.761904761904762	21.73913043478261	19.047619047619047	15.384615384615383	11.538461538461538	1.7857142857142856	15.517241379310343	3.7037037037037033	9.615384615384617	8.51063829787234	3.92156862745098	0.0	4.081632653061225	4.761904761904762	20.833333333333336	22.0	6.8181818181818175	4.444444444444445	4.081632653061225	4.3478260869565215	0.0	2.127659574468085	4.25531914893617	6.25	15.09433962264151	10.714285714285714	10.909090909090908	12.727272727272728	8.47457627118644	16.071428571428573	5.88235294117647	3.571428571428571	3.333333333333333	5.660377358490567	3.7735849056603774	1.9230769230769231	5.555555555555555	10.714285714285714	7.4074074074074066	9.615384615384617	13.20754716981132	8.695652173913043	20.0	20.75471698113208	15.68627450980392	4.166666666666666	4.166666666666666	14.000000000000002	10.256410256410255	8.108108108108109	13.636363636363637	18.51851851851852	14.814814814814811	13.725490196078432	16.3265306122449	12.0	20.0	15.384615384615383	4.545454545454546	8.0	4.25531914893617	1.96078431372549	13.20754716981132	4.081632653061225	11.11111111111111	10.0	12.76595744680851	0.0	10.638297872340424	14.893617021276595	22.0	6.0	6.25	5.263157894736842	5.263157894736842	0.0
O	32.28155339805826	25.59808612440192	25.115207373271893	26.634382566585955	24.18136020151133	23.15573770491803	25.961538461538463	25.925925925925924	23.00683371298405	21.3953488372093	27.60869565217392	24.480369515011542	24.838012958963283	27.2108843537415	27.96420581655481	22.86995515695068	24.19006479481641	22.365591397849464	20.94017094017094	20.045045045045047	21.88235294117647	25.05643340857788	18.8470066518847	20.181405895691608	18.550106609808104	19.325842696629213	19.58041958041958	20.0	21.0412147505423	19.91701244813278	16.017316017316016	14.15929203539823	15.350877192982455	18.984547461368653	18.37209302325581	19.01565995525728	13.34841628959276	13.548387096774196	14.645308924485128	15.473441108545035	16.192560175054705	17.29490022172949	13.60381861575179	11.316397228637411	11.85682326621924	11.409395973154362	11.894273127753303	12.23021582733813	13.507109004739338	15.261958997722097	15.54524361948956	7.076923076923077	7.581967213114754	5.0	11.415525114155251	5.541871921182266	8.242424242424242	7.376058041112454	12.470588235294118	15.27777777777778	31.686046511627907	34.15384615384615	22.7765726681128	22.48394004282656	28.2560706401766	26.666666666666668	24.8936170212766	17.920353982300885	22.033898305084744	19.955156950672645	21.145374449339208	21.300448430493272	20.44943820224719	20.394736842105264	20.91503267973856	18.88888888888889	17.74891774891775	16.923076923076923	16.228070175438596	16.846652267818573	19.95798319327731	12.195121951219512	16.590909090909093	19.55056179775281	19.03669724770642	14.71264367816092	10.321100917431194	11.08695652173913	11.816192560175056	12.995594713656388	16.51376146788991	22.696629213483146	15.50925925925926	16.926503340757236	18.79194630872483	19.325842696629213	19.01565995525728	20.902612826603324	21.852731591448933	21.83098591549296	16.247139588100687	16.129032258064516	17.551963048498845	17.523364485981308	16.431924882629108	17.026378896882495	17.46031746031746	16.444444444444446	18.32579185520362	19.090909090909093	18.72146118721461	20.140515222482435	18.28978622327791	17.88235294117647	27.60869565217392	28.92561983471074	28.24742268041237	29.067245119305856	33.91684901531728	33.54564755838641	19.33962264150944	19.90407673860912	19.495412844036696	22.02247191011236	21.4859437751004	30.334728033472803	27.34864300626305	24.261603375527425	24.53222453222453	17.400881057268723	17.727272727272727	16.94915254237288	17.512690355329948	14.921465968586386	15.284974093264248	12.228260869565217	11.80722891566265	14.788732394366196	14.153132250580049	15.384615384615383	15.258215962441316	13.272311212814644	14.416475972540049	15.955056179775282	13.656387665198238	17.090069284064665	18.446601941747574	16.312056737588655	14.25287356321839	16.783216783216783	18.83408071748879	19.05829596412556	17.24941724941725	20.137299771167047	22.394678492239468	19.747899159663863	20.910973084886127	18.08731808731809	17.364016736401673	19.753086419753085	17.094017094017094	17.35357917570499	15.705765407554672	14.37371663244353	14.629258517034067	13.786008230452676	13.729508196721312	16.631130063965884	16.075156576200417	13.016528925619836	13.861386138613865	12.851405622489958	14.168377823408624	13.953488372093023	12.770562770562773	13.716814159292037	12.22707423580786	12.526539278131636	18.25902335456476	16.775599128540307	16.81614349775785	16.55328798185941	13.163972286374134	12.025316455696204	13.822894168466524	10.897435897435898	12.393162393162394	13.626834381551362	14.049586776859504	10.775862068965516	11.87122736418511	9.090909090909092	8.316008316008316	8.1799591002045	9.47136563876652	9.534368070953436	10.964912280701752	8.842105263157894	8.768267223382047	10.330578512396697	11.416490486257928	11.03896103896104	12.419700214132762	11.652542372881356	11.642411642411645	8.296943231441048	7.912087912087911	7.7433628318584065	8.932461873638346	7.72626931567329	7.296137339055794	7.322175732217573	6.952965235173824	5.274725274725275
P	38.10375670840787	30.866141732283463	39.70315398886827	32.5	31.19402985074627	36.32218844984803	35.339506172839506	32.27665706051873	32.053422370617696	28.792569659442723	29.76539589442816	29.31785195936139	28.923076923076923	29.64743589743589	29.429429429429423	26.16822429906541	27.41679873217116	26.480263157894733	26.375404530744333	31.88405797101449	28.86297376093295	25.55205047318612	21.293375394321767	27.13178294573644	19.70198675496689	16.642754662840744	18.4887459807074	23.456790123456788	21.14197530864197	18.856259659969087	23.776223776223777	17.209302325581397	18.74062968515742	17.86786786786787	16.296296296296298	15.37290715372907	13.675213675213676	10.694444444444445	13.916786226685796	10.906515580736544	8.823529411764707	9.691011235955056	11.756168359941944	11.447368421052632	11.36653895274585	11.518324607329845	12.093628088426527	10.540184453227932	9.54248366013072	12.372448979591836	9.68944099378882	29.304029304029307	9.5873786407767	9.75609756097561	11.086717892425906	12.742980561555076	15.833333333333332	13.559322033898304	14.745011086474502	14.1602634467618	14.37246963562753	16.395222584147664	17.365269461077844	17.404129793510325	17.842741935483872	17.6930596285435	16.26746506986028	16.44535240040858	15.0559511698881	18.04281345565749	18.410041841004183	17.91359325605901	17.622523461939522	16.142557651991616	18.78980891719745	20.31914893617021	18.57292759706191	18.7042842215256	14.847161572052403	16.561181434599156	18.561001042752867	20.94017094017094	20.98501070663812	22.10300429184549	23.92241379310345	21.985058697972253	21.308016877637133	21.052631578947366	21.248630887185104	20.281995661605208	20.19977802441732	19.93392070484581	19.14660831509847	20.28353326063249	20.62780269058296	20.84257206208426	21.25984251968504	21.78447276940904	21.97928653624856	20.93567251461988	17.6878612716763	18.24480369515012	18.705882352941178	23.75434530706837	23.687281213535588	23.169267707082835	19.37046004842615	19.702602230483272	18.89570552147239	20.736196319018404	22.01722017220172	22.289156626506024	20.35175879396985	17.897371714643302	18.372379778051787	19.3390452876377	18.014705882352946	19.35881627620222	21.968787515006003	21.668742216687424	20.42079207920792	19.61722488038277	20.07083825265644	19.00237529691212	20.286396181384248	21.948356807511736	23.25301204819277	18.88035126234907	20.372526193247964	19.46697566628042	18.937644341801384	19.444444444444446	22.16981132075472	24.561403508771928	21.428571428571427	20.35087719298245	17.69406392694064	18.874560375146544	20.79439252336449	23.12276519666269	23.51543942992874	17.790697674418603	17.165898617511523	16.095534787123572	17.67728674203494	18.88888888888889	21.473029045643152	21.473029045643152	21.473029045643152	22.36710130391173	21.473029045643152	21.473029045643152	21.36222910216718	13.972055888223553	14.893617021276595	15.17094017094017	14.736842105263156	16.241299303944317	12.686567164179104	13.187954309449635	14.621131270010672	13.725490196078432	10.992529348986126	12.486772486772486	12.486772486772486	12.486772486772486	13.909378292939936	13.13364055299539	17.33477789815818	14.814814814814811	11.01511879049676	11.041009463722396	13.080168776371307	8.485499462943071	14.0641158221303	14.863498483316482	11.983032873807	10.414452709883102	11.18421052631579	11.123348017621144	12.459016393442624	11.864406779661016	11.161217587373168	10.05464480874317	12.8586609989373	9.691629955947135	11.76470588235294	11.466942148760332	10.790598290598291	10.830704521556257	7.886435331230284	7.914438502673797	7.908428720083246	7.602956705385427	8.817635270541082	10.258964143426295	11.4	8.832188420019627	8.145240431795878	8.514851485148515	6.903353057199212	8.611955420466058	10.453648915187378	8.565737051792828	6.502463054187192	8.648111332007952	10.661401776900297	11.23370110330993	10.816326530612246	9.246231155778894	8.134920634920634	8.267716535433072	7.149950347567032	6.653426017874876
Q	13.516312791299844	11.743022643496577	10.855094726062468	12.4031007751938	12.247016087182148	13.261648745519713	13.692946058091287	13.374805598755833	10.858324715615304	11.415044713308784	11.398963730569948	12.0850622406639	13.084112149532707	12.849740932642488	12.824506749740394	10.822060353798127	9.293873312564902	10.07268951194185	12.240663900414935	11.157239231966788	10.488058151609552	9.2987012987013	8.959088555152771	8.33764888658726	8.23407560849301	9.269808389435523	8.751941998964268	8.751941998964268	9.47695494562403	8.389435525634386	6.266183324702227	6.628689798032108	10.046607975142413	7.198342827550492	7.97514241325738	6.11082340756085	6.628689798032108	5.903676851372346	5.075090626618333	4.298291040911445	5.023303987571206	4.919730709476955	5.85189021232522	4.091144484722942	3.676851372345935	4.091144484722942	4.816157431382703	5.178663904712584	4.557224236147074	5.955463490419472	5.075090626618333	26.914660831509845	2.589331952356292	3.728638011393061	94.5945945945946	2.9598308668076108	3.4911242603550297	1.98609731876862	3.7	4.8954614992350844	4.2411854879918245	3.523316062176165	4.826254826254826	4.718875502008032	4.689092762487258	2.989690721649485	5.101058710298364	5.733130390664637	5.1609606540623405	5.506391347099312	7.236842105263158	7.722969606377678	6.825075834175935	5.748865355521937	6.88800792864222	7.226107226107226	6.911142454160791	6.037735849056604	5.9680451127819545	6.199716043539991	6.563525550867324	5.937794533459001	9.049079754601228	7.947639083683964	8.77772534214252	6.174626145682586	6.190926275992439	6.6316793893129775	8.570097810898929	8.101851851851851	7.994389901823282	8.356676003734826	5.339366515837104	5.60485754320411	7.330567081604427	8.211143695014663	6.556603773584905	6.502775574940524	9.310018903591684	8.411654135338347	6.299952985425482	6.59223817118554	8.399269628727938	11.006711409395974	13.93939393939394	9.60620525059666	9.238776837996095	9.127906976744187	8.821887213847013	8.31973898858075	9.49820788530466	11.22071516646116	11.826347305389222	9.827586206896552	9.675550405561992	11.298076923076923	11.104718066743382	11.185410334346503	11.345218800648295	12.316715542521994	9.88074957410562	10.836845273931369	9.064155385520897	10.659025787965616	13.985148514851486	15.545395166557803	12.22155328115593	9.88095238095238	13.043478260869565	9.101382488479262	8.289661743687471	11.806699615595829	10.573177518085698	9.682625067240451	10.029154518950437	8.778391651319827	10.745341614906833	7.878787878787878	11.909262759924385	14.770459081836329	10.974304068522484	7.893242475865986	7.245471580262336	7.69712140175219	10.51948051948052	12.089356110381075	12.699386503067483	16.009557945041816	11.453201970443349	11.066398390342052	13.275517011340892	10.756501182033098	15.761935905820796	12.692307692307692	12.980466288594831	11.920529801324504	11.725067385444744	8.549528301886793	13.00421432871764	13.05326331582896	13.20754716981132	9.817945383615085	9.40809968847352	8.623853211009175	9.491733006736068	8.542413381123058	10.988336402701044	10.776942355889725	10.866910866910867	8.140262993112085	7.938461538461539	9.275521405049396	7.665505226480835	8.080808080808081	10.424028268551238	9.99418942475305	8.016877637130802	7.259953161592506	10.245398773006135	8.934269304403317	10.975609756097562	10.0	10.705445544554456	8.97814530419374	7.204968944099378	6.631455399061033	6.841505131128849	9.651162790697674	10.599636583888552	7.66852195423624	7.067575945443274	7.207718501702611	7.667731629392971	6.140350877192982	7.2992700729927	8.754406580493537	7.053941908713693	5.686387133831131	5.741360089186176	6.132879045996593	6.64488017429194	8.831908831908832	9.03337169159954	8.952702702702704	7.041484716157205	7.658779576587796	7.545219638242893	7.677664974619288	9.213362068965516	9.468147282291058	7.142857142857142	5.782869612656847	14.07766990291262	5.486284289276807
R	9.90566037735849	11.894273127753303	7.929515418502203	6.167400881057269	9.691629955947135	12.76595744680851	15.418502202643172	13.513513513513514	12.727272727272728	9.251101321585905	9.251101321585905	10.572687224669604	9.251101321585905	7.929515418502203	12.77533039647577	4.845814977973569	4.405286343612335	10.572687224669604	13.215859030837004	9.691629955947135	11.894273127753303	6.607929515418502	8.370044052863436	1.3215859030837005	3.9647577092511015	5.726872246696035	3.9647577092511015	5.726872246696035	4.405286343612335	4.405286343612335	7.929515418502203	14.537444933920703	5.286343612334802	3.0837004405286343	2.643171806167401	0.881057268722467	0.4405286343612335	0.4405286343612335	3.9647577092511015	1.762114537444934	10.13215859030837	1.3215859030837005	0.0	0.0	1.3215859030837005	0.4405286343612335	1.762114537444934	2.202643171806168	3.524229074889868	2.643171806167401	0.0	0.0	1.3215859030837005	2.202643171806168	100.0	6.220095693779904	3.1645569620253164	5.150214592274678	1.762114537444934	3.0837004405286343	1.3215859030837005	3.524229074889868	2.11864406779661	2.5316455696202533	3.728813559322034	3.669724770642202	3.524229074889868	2.643171806167401	3.1818181818181817	3.79746835443038	4.693140794223827	9.090909090909092	4.680851063829787	5.809128630705394	6.22568093385214	5.466237942122187	7.604562737642586	8.041958041958042	8.904109589041095	5.51948051948052	6.557377049180328	7.4074074074074066	6.993006993006993	6.474820143884892	8.934707903780069	8.148148148148149	9.79020979020979	20.2054794520548	17.647058823529413	15.33101045296167	7.581227436823104	7.971014492753622	9.811320754716984	5.39568345323741	5.633802816901409	5.185185185185185	7.017543859649122	9.090909090909092	7.246376811594203	9.701492537313433	7.241379310344828	16.181229773462782	8.955223880597014	17.6056338028169	8.264462809917356	10.984848484848484	10.44776119402985	9.70464135021097	6.521739130434782	8.108108108108109	5.660377358490567	6.61764705882353	6.415094339622642	9.411764705882351	3.636363636363636	5.947955390334572	14.23841059602649	17.91044776119403	8.786610878661087	6.692913385826772	9.558823529411764	3.829787234042553	6.143344709897611	5.283018867924529	7.421875	11.494252873563218	4.291845493562231	2.592592592592593	5.88235294117647	3.180212014134275	5.128205128205128	4.382470119521913	3.543307086614173	7.857142857142857	8.609271523178808	2.356902356902357	2.973977695167286	3.237410071942446	3.435114503816794	2.834008097165992	4.198473282442748	5.439330543933055	4.247104247104247	5.447470817120623	4.924242424242424	7.661290322580645	5.597014925373134	10.588235294117649	9.854014598540148	3.731343283582089	3.937007874015748	5.603448275862069	3.4482758620689653	4.6875	6.7669172932330826	8.080808080808081	4.564315352697095	5.072463768115942	5.714285714285714	4.961832061068702	4.074074074074074	3.3582089552238807	4.6263345195729535	5.902777777777778	2.0689655172413794	3.7800687285223367	9.0625	3.728813559322034	4.794520547945205	2.3178807947019866	8.305647840531561	3.0	3.571428571428571	3.355704697986577	8.24372759856631	7.958477508650519	5.423728813559322	4.304635761589404	3.716216216216216	4.10958904109589	2.950819672131148	8.024691358024691	4.049844236760125	2.7777777777777777	3.4482758620689653	5.387205387205387	3.050847457627119	5.902777777777778	3.4482758620689653	2.6143790849673203	3.0716723549488054	2.6143790849673203	2.6119402985074625	2.214022140221402	2.389078498293516	4.123711340206185	3.2467532467532463	1.973684210526316	3.076923076923077	2.8662420382165608	4.804804804804805	1.8867924528301887	2.7491408934707904	3.492063492063492	3.4267912772585665	4.8	3.64741641337386	3.761755485893417	2.5236593059936907	2.857142857142857	1.8691588785046729	1.818181818181818	7.766990291262135	12.5
S	41.17647058823529	38.57142857142858	47.14285714285714	46.3768115942029	42.42424242424242	34.285714285714285	26.785714285714285	32.87671232876712	22.857142857142858	25.0	23.728813559322035	26.666666666666668	27.41935483870968	26.984126984126984	28.8135593220339	34.42622950819672	37.704918032786885	33.33333333333333	43.47826086956522	44.44444444444444	36.76470588235294	40.0	29.23076923076924	32.83582089552239	27.94117647058824	63.33333333333333	48.38709677419355	36.0655737704918	37.096774193548384	25.0	18.181818181818183	31.343283582089555	22.058823529411764	10.76923076923077	13.846153846153848	12.12121212121212	17.56756756756757	16.43835616438356	13.157894736842104	7.936507936507936	8.064516129032258	8.064516129032258	23.37662337662337	16.666666666666664	21.333333333333336	21.12676056338028	22.22222222222222	19.444444444444446	21.25	11.39240506329114	13.79310344827586	20.0	9.090909090909092	10.714285714285714	20.23809523809524	19.318181818181817	17.77777777777778	14.942528735632186	16.470588235294116	22.22222222222222	21.176470588235293	26.436781609195403	26.436781609195403	21.83908045977012	21.83908045977012	27.380952380952383	27.710843373493976	25.58139534883721	25.301204819277107	28.57142857142857	31.32530120481928	27.380952380952383	38.095238095238095	28.000000000000004	24.0	21.428571428571427	26.1904761904762	28.40909090909091	25.287356321839084	24.35897435897436	22.07792207792208	26.666666666666668	26.08695652173913	23.61111111111111	27.77777777777778	28.57142857142857	28.94736842105264	29.33333333333333	33.78378378378378	27.027027027027028	31.57894736842105	27.027027027027028	27.848101265822784	19.23076923076924	25.97402597402597	30.666666666666664	25.75757575757576	30.0	38.46153846153847	36.36363636363637	41.891891891891895	32.0	32.89473684210527	36.36363636363637	32.432432432432435	35.13513513513514	34.24657534246575	27.77777777777778	38.88888888888889	30.15873015873016	36.92307692307693	38.46153846153847	36.36363636363637	37.5	47.94520547945205	40.0	38.57142857142858	36.48648648648648	46.66666666666666	42.028985507246375	38.57142857142858	30.55555555555556	39.72602739726028	41.333333333333336	47.368421052631575	48.68421052631579	57.14285714285714	49.23076923076923	44.61538461538462	53.94736842105263	50.0	46.57534246575342	44.5945945945946	48.0	50.66666666666667	45.20547945205479	40.78947368421053	44.0	44.776119402985074	54.285714285714285	59.42028985507246	43.24324324324324	45.94594594594595	40.27777777777778	50.0	45.20547945205479	50.0	51.388888888888886	51.388888888888886	55.223880597014926	51.388888888888886	51.388888888888886	51.388888888888886	0.0	52.5	40.0	38.80597014925373	42.62295081967213	39.68253968253968	36.231884057971016	36.66666666666666	41.66666666666667	39.34426229508197	40.845070422535215	40.845070422535215	48.78048780487805	57.49999999999999	48.48484848484848	48.64864864864865	48.888888888888886	56.52173913043478	66.66666666666666	51.11111111111111	43.90243902439025	53.84615384615385	58.53658536585365	54.90196078431373	40.0	46.875	46.875	40.54054054054054	36.58536585365854	35.8974358974359	36.11111111111111	39.02439024390244	40.909090909090914	42.22222222222222	41.86046511627907	32.69230769230769	35.714285714285715	28.94736842105264	31.57894736842105	33.33333333333333	38.46153846153847	28.205128205128204	24.324324324324326	19.444444444444446	9.45945945945946	19.17808219178082	21.12676056338028	16.0	18.421052631578945	23.07692307692308	24.637681159420293	24.0	21.73913043478261	18.30985915492958	28.57142857142857	18.30985915492958	17.24137931034483	22.41379310344828	17.647058823529413	10.76923076923077	9.090909090909092
T	12.727272727272728	16.666666666666664	14.545454545454543	23.404255319148938	12.5	14.545454545454543	20.33898305084746	12.5	10.0	14.545454545454543	18.0327868852459	15.09433962264151	15.09433962264151	19.047619047619047	15.789473684210526	18.461538461538463	24.24242424242424	24.637681159420293	11.11111111111111	10.9375	20.8955223880597	19.718309859154928	28.169014084507044	23.61111111111111	17.46031746031746	14.285714285714285	13.88888888888889	15.492957746478872	12.5	12.162162162162163	12.162162162162163	15.18987341772152	11.594202898550725	10.38961038961039	6.849315068493151	7.792207792207792	6.172839506172839	14.814814814814811	10.526315789473683	8.88888888888889	7.954545454545454	5.434782608695652	5.494505494505495	5.555555555555555	7.608695652173914	3.5294117647058822	7.368421052631578	7.608695652173914	7.291666666666667	6.122448979591836	5.05050505050505	15.27777777777778	12.676056338028168	2.5	0.0	0.0	0.0	1.0416666666666663	1.0	2.912621359223301	2.912621359223301	2.803738317757009	3.125	2.8846153846153846	0.9615384615384616	0.9090909090909092	0.9174311926605504	0.9345794392523364	5.660377358490567	6.25	8.653846153846153	7.964601769911504	8.333333333333332	4.950495049504951	3.061224489795918	3.225806451612903	2.1739130434782608	8.0	7.368421052631578	9.9009900990099	11.458333333333332	1.0869565217391304	1.0416666666666663	1.0309278350515465	3.0	4.901960784313726	4.716981132075472	7.920792079207921	7.920792079207921	4.597701149425287	4.3478260869565215	8.91089108910891	10.891089108910892	9.174311926605505	8.620689655172415	2.8846153846153846	2.9702970297029703	3.061224489795918	7.07070707070707	12.264150943396226	10.476190476190476	12.5	6.862745098039216	3.125	3.09278350515464	14.95327102803738	14.545454545454543	14.414414414414416	13.274336283185844	9.401709401709402	10.2803738317757	6.306306306306306	5.9405940594059405	7.142857142857142	6.930693069306932	6.60377358490566	4.672897196261682	5.208333333333334	5.319148936170213	12.62135922330097	13.26530612244898	20.72072072072072	21.296296296296298	20.72072072072072	13.0	12.5	3.7735849056603774	12.727272727272728	11.458333333333332	11.458333333333332	11.702127659574469	11.702127659574469	12.22222222222222	16.091954022988507	16.470588235294116	13.750000000000002	24.21052631578948	21.951219512195124	22.22222222222222	20.73170731707317	17.857142857142858	19.76744186046512	18.27956989247312	18.47826086956521	16.666666666666664	14.117647058823527	14.117647058823527	16.867469879518072	15.853658536585366	16.455696202531644	13.157894736842104	9.090909090909092	15.18987341772152	14.666666666666666	19.27710843373494	19.54022988505747	19.318181818181817	14.117647058823527	16.304347826086957	15.789473684210526	15.789473684210526	15.789473684210526	14.583333333333334	14.432989690721648	15.11627906976744	12.195121951219512	14.102564102564102	13.6986301369863	12.676056338028168	9.876543209876544	7.5	4.0	6.0606060606060606	3.260869565217391	1.0309278350515465	1.2195121951219512	1.2345679012345678	5.47945205479452	4.938271604938271	2.469135802469136	2.5316455696202533	1.25	0.0	1.2048192771084338	3.75	11.363636363636363	12.087912087912088	9.782608695652174	4.819277108433735	4.878048780487805	8.421052631578947	5.747126436781609	2.272727272727273	2.1505376344086025	4.3478260869565215	4.25531914893617	4.395604395604396	5.952380952380952	7.954545454545454	16.666666666666664	15.789473684210526	15.789473684210526	14.285714285714285	12.087912087912088	11.827956989247312	6.25	6.451612903225806	4.3478260869565215	2.197802197802198	1.0526315789473684	1.0638297872340423	2.0408163265306123	2.127659574468085	2.2222222222222223
U	11.03448275862069	11.320754716981131	8.333333333333332	6.875000000000001	8.125	10.606060606060606	14.5985401459854	9.289617486338798	3.389830508474576	4.430379746835443	8.284023668639055	7.6923076923076925	4.651162790697675	6.432748538011696	6.024096385542169	6.329113924050633	6.626506024096386	6.432748538011696	7.909604519774012	10.975609756097562	8.074534161490684	5.031446540880504	2.976190476190476	4.069767441860465	7.909604519774012	6.8181818181818175	5.9880239520958085	5.487804878048781	6.451612903225806	4.624277456647398	4.678362573099415	4.945054945054945	7.361963190184049	8.045977011494253	4.093567251461988	2.209944751381215	1.6574585635359116	1.7751479289940828	2.0689655172413794	2.2222222222222223	2.2988505747126435	1.1111111111111112	1.1560693641618496	2.1739130434782608	1.8867924528301887	1.4354066985645932	1.8433179723502304	2.109704641350211	0.851063829787234	11.27450980392157	6.694560669456067	41.77897574123989	44.16666666666666	44.0771349862259	40.43715846994536	39.15343915343915	38.860103626943	40.76086956521739	49.419953596287705	49.07834101382488	69.6875	48.74476987447699	13.333333333333334	43.46733668341709	10.48951048951049	19.93006993006993	21.428571428571427	16.417910447761194	11.857707509881422	19.101123595505616	21.722846441947567	17.343173431734318	21.189591078066915	27.027027027027028	27.756653992395435	16.017316017316016	19.166666666666668	25.31120331950208	23.868312757201647	24.0	16.157205240174672	12.236286919831224	23.282442748091604	9.523809523809524	11.627906976744184	3.255813953488372	3.686635944700461	8.715596330275229	5.504587155963304	11.11111111111111	15.07537688442211	14.414414414414416	7.6923076923076925	8.558558558558559	15.74074074074074	17.03056768558952	17.699115044247787	20.96069868995633	23.52941176470588	24.01960784313725	18.81188118811881	15.5	20.72072072072072	20.930232558139537	26.39593908629442	27.63819095477387	14.883720930232558	22.171945701357465	26.21359223300971	23.17596566523605	22.5531914893617	23.82978723404256	28.767123287671232	17.4468085106383	25.0	15.942028985507244	26.699029126213592	21.524663677130047	27.80487804878049	26.570048309178745	22.380952380952383	30.097087378640776	25.24271844660194	24.299065420560748	18.39622641509434	30.15075376884422	29.411764705882355	22.92682926829269	21.07843137254902	19.402985074626866	22.388059701492537	26.60098522167488	28.35820895522388	30.541871921182267	21.182266009852217	23.15270935960591	21.182266009852217	18.7192118226601	20.0	31.343283582089555	31.52709359605912	28.14070351758794	23.67149758454106	23.11557788944724	32.057416267942585	33.00970873786408	31.06796116504854	30.73170731707317	23.18840579710145	29.22374429223744	29.66507177033493	30.73170731707317	28.431372549019606	26.31578947368421	25.52083333333333	21.0	26.262626262626267	28.217821782178216	32.1608040201005	25.25773195876289	27.46113989637305	26.94300518134715	26.02040816326531	24.36548223350254	27.31958762886598	27.31958762886598	23.157894736842103	22.75132275132275	25.5	23.83419689119171	20.81218274111676	21.10552763819096	15.544041450777202	22.279792746113987	23.589743589743588	21.428571428571427	18.5	27.55102040816326	24.12060301507537	28.78787878787879	27.55102040816326	28.125	33.50515463917525	24.873096446700508	24.489795918367346	23.1958762886598	26.5625	19.33701657458564	16.39344262295082	17.415730337078653	11.797752808988765	18.994413407821227	17.48633879781421	16.304347826086957	14.835164835164836	18.78453038674033	22.52747252747253	13.186813186813188	13.114754098360656	12.376237623762377	10.185185185185183	11.41304347826087	18.47826086956521	19.23076923076924	15.053763440860216	15.343915343915343	19.892473118279568	22.65193370165746	14.606741573033707	17.12707182320442	23.204419889502763	9.042553191489365	19.45945945945946	12.299465240641712
V	17.59259259259259	21.145374449339208	21.238938053097343	15.09433962264151	13.425925925925927	17.050691244239633	19.444444444444446	28.88888888888889	23.30508474576271	23.47826086956522	21.9409282700422	19.2468619246862	19.69111969111969	19.306930693069308	18.421052631578945	20.51282051282051	25.6198347107438	24.50592885375494	21.34387351778656	24.609375	24.80916030534351	22.846441947565545	14.909090909090908	13.986013986013988	8.91089108910891	9.507042253521126	13.620071684587815	16.014234875444842	15.107913669064748	9.507042253521126	14.093959731543624	11.650485436893204	11.009174311926609	8.0	12.427745664739884	17.010309278350515	6.426735218508997	5.185185185185185	5.5696202531645564	6.176470588235294	7.073170731707316	6.65024630541872	2.23463687150838	3.7735849056603774	2.6525198938992043	4.6875	5.274725274725275	7.838983050847458	7.676348547717843	9.289617486338798	9.523809523809524	42.51968503937008	41.142020497803806	37.58169934640523	40.42933810375671	39.46428571428572	35.370152761457106	40.58679706601467	6.097560975609756	5.776892430278884	5.656934306569343	5.9880239520958085	5.536332179930796	7.256637168141593	11.611785095320624	12.052117263843648	13.420621931260229	11.27946127946128	10.517241379310343	11.565836298932384	12.115732368896923	10.820244328097733	12.26252158894646	13.903743315508022	14.90125673249551	16.304347826086957	14.869888475836431	18.336483931947072	20.502901353965186	20.948616600790515	22.22222222222222	19.611650485436893	19.47261663286004	21.17400419287212	20.739219712525667	22.129436325678498	21.08559498956159	22.0	21.4	22.55489021956088	25.36082474226804	27.741935483870968	26.50862068965517	26.12419700214133	27.74049217002237	26.785714285714285	26.535087719298247	26.71081677704194	30.973451327433622	30.80357142857143	28.96551724137932	24.9438202247191	26.590909090909093	30.703624733475483	26.50103519668737	27.48414376321353	29.0794979079498	30.833333333333336	29.85074626865672	30.31578947368421	33.66733466933868	34.4	36.40167364016737	32.18884120171674	29.450549450549453	29.10284463894967	25.76419213973799	26.93156732891832	29.21348314606741	31.662870159453306	29.6875	24.355971896955506	24.76851851851852	25.116279069767444	25.400457665903893	21.77985948477752	23.89791183294664	21.770334928229666	22.73838630806846	22.77227722772277	23.653395784543328	23.404255319148938	22.09302325581396	26.08695652173913	25.352112676056336	19.10994764397906	18.34625322997416	15.909090909090908	15.856777493606138	14.666666666666666	15.526315789473683	15.466666666666669	20.35623409669211	26.065162907268167	22.164948453608247	21.066666666666663	23.63636363636364	22.48062015503876	24.40944881889764	21.76165803108808	17.5531914893617	19.69309462915601	22.422680412371136	21.614583333333336	21.428571428571427	21.54255319148936	20.155038759689923	19.12144702842377	19.160104986876643	20.31662269129288	19.480519480519483	19.74025974025974	21.287128712871286	17.31266149870801	16.666666666666664	17.66169154228856	19.543147208121827	20.5	20.918367346938776	20.09925558312656	22.938144329896907	21.26582278481013	20.5	23.557692307692307	21.69811320754717	19.047619047619047	19.45137157107232	15.931372549019606	14.85148514851485	15.88089330024814	17.412935323383085	16.417910447761194	17.91044776119403	15.206185567010309	16.834170854271356	17.45635910224439	12.690355329949238	17.391304347826086	19.32367149758454	16.62531017369727	17.48768472906404	16.458852867830423	16.911764705882355	17.794486215538846	18.76543209876544	22.453703703703702	18.610421836228287	21.11650485436893	17.980295566502463	19.900497512437813	20.2970297029703	19.25	16.581632653061224	15.853658536585366	16.470588235294116	15.165876777251183	12.412177985948478	12.531328320802004	14.463840399002494	14.321608040201006	13.480392156862743	11.11111111111111	10.273972602739724	12.359550561797752
