GEOID,MeanIncome
17001000100,69254
17001000201,59810
17001000202,58677
17001000400,45784
17001000500,45510
17001000600,85021
17001000700,26516
17001000800,33486
17001000900,61214
17001001001,61793
17001001002,71144
17001001100,89014
17001010100,76840
17001010200,60279
17001010301,84351
17001010302,72978
17001010400,92739
17001010500,107967
17001010600,100360
17003957600,55441
17003957700,56696
17003957800,35534
17003957900,45459
17005951200,73984
17005951300,53557
17005951400,72226
17005951500,84932
17007010101,64948
17007010102,50960
17007010200,55889
17007010300,62471
17007010400,87516
17007010501,168260
17007010502,106310
17007010601,102165
17007010603,127258
17007010604,80004
17009970400,76594
17009970500,57805
17011964700,81355
17011964800,66577
17011964900,62390
17011965000,79699
17011965100,66486
17011965200,63056
17011965300,66338
17011965400,77646
17011965500,70036
17011965600,70509
17013951200,69091
17013951300,91579
17015960100,75504
17015960200,66323
17015960300,55226
17015960400,62359
17015960500,73114
17015960600,81802
17017960100,69484
17017960200,73234
17017960300,72622
17017960400,55896
17017960500,50303
17019000200,27733
17019000301,14733
17019000302,21984
17019000401,10267
17019000402,10894
17019000500,93329
17019000700,43239
17019000800,70850
17019000901,45790
17019000902,76189
17019001000,79674
17019001100,103875
17019001201,57414
17019001203,93012
17019001204,139827
17019001205,136739
17019001206,123268
17019001301,88217
17019001302,118206
17019001400,84154
17019005300,28289
17019005401,43109
17019005402,55775
17019005500,86384
17019005601,58207
17019005602,80135
17019005701,72026
17019005702,103399
17019005800,99833
17019005901,32220
17019005902,17533
17019006000,32329
17019010100,48653
17019010204,64728
17019010300,47484
17019010400,85184
17019010500,120406
17019010601,108300
17019010603,110951
17019010604,90753
17019010701,95465
17019010702,97855
17019010800,105582
17019010901,91153
17019010902,79600
17019011001,56621
17019011002,100998
17019011100,27712
17021958100,76849
17021958200,80530
17021958300,52331
17021958400,60192
17021958500,49364
17021958600,75251
17021958700,67476
17021958800,50523
17021958900,48248
17021959000,91862
17023060100,88242
17023060200,68920
17023060300,61092
17023060400,74617
17025971900,65655
17025972000,58563
17025972100,64844
17025972200,91125
17027900100,95525
17027900200,96275
17027900300,87884
17027900401,64374
17027900403,68857
17027900404,57175
17027900500,65086
17027900601,85010
17027900602,96788
17029000100,62269
17029000200,90717
17029000300,74080
17029000400,46677
17029000500,52250
17029000600,84950
17029000701,73607
17029000702,34410
17029000800,38370
17029000900,104079
17029001000,71386
17029001100,48424
17029001200,67359
17031010100,75017
17031010201,56526
17031010202,57610
17031010300,66120
17031010400,53636
17031010501,54508
17031010502,51533
17031010503,35391
17031010600,85017
17031010701,70575
17031010702,61405
17031020100,76564
17031020200,128515
17031020301,75935
17031020302,133269
17031020400,101628
17031020500,51350
17031020601,84115
17031020602,91426
17031020701,103846
17031020702,70367
17031020801,73905
17031020802,70866
17031020901,60535
17031020902,51431
17031030101,59023
17031030102,63768
17031030103,78005
17031030104,56671
17031030200,102376
17031030300,78973
17031030400,95908
17031030500,117182
17031030601,61406
17031030603,65356
17031030604,73433
17031030701,60873
17031030702,85396
17031030703,68882
17031030706,66596
17031030800,117209
17031030900,119365
17031031000,109583
17031031100,84757
17031031200,49536
17031031300,67251
17031031400,95615
17031031501,51937
17031031502,51076
17031031700,89936
17031031800,114569
17031031900,110565
17031032100,83146
17031040100,113591
17031040201,98543
17031040202,69532
17031040300,99041
17031040401,153630
17031040402,112663
17031040600,142863
17031040700,128931
17031040800,116698
17031040900,112279
17031050100,178648
17031050200,205021
17031050300,171417
17031050500,222229
17031050600,173548
17031050700,185946
17031050800,195150
17031050900,157561
17031051000,156645
17031051100,178941
17031051200,197580
17031051300,245883
17031051400,193219
17031060100,172397
17031060200,173020
17031060300,161650
17031060400,185437
17031060500,118757
17031060800,96827
17031060900,99317
17031061000,130318
17031061100,132166
17031061200,203476
17031061500,179449
17031061800,73250
17031061901,71916
17031061902,106812
17031062000,114059
17031062100,131907
17031062200,200794
17031062300,261458
17031062400,192405
17031062500,218309
17031062600,310639
17031062700,211353
17031062800,270863
17031062900,168717
17031063000,128740
17031063100,124827
17031063200,114992
17031063301,86646
17031063302,101121
17031063303,132704
17031063400,142213
17031070101,131093
17031070102,143230
17031070103,69333
17031070200,148533
17031070300,216550
17031070400,265026
17031070500,224568
17031070600,303998
17031070700,217096
17031071000,280967
17031071100,270943
17031071200,163189
17031071300,164291
17031071400,176917
17031071500,139153
17031071600,258777
17031071700,243880
17031071800,248538
17031080100,181667
17031080201,177522
17031080202,188293
17031080300,175280
17031080400,145410
17031081000,88810
17031081100,124118
17031081201,200638
17031081202,275583
17031081300,153863
17031081401,151735
17031081402,189433
17031081403,160124
17031081500,191480
17031081600,159265
17031081700,152320
17031081800,203563
17031081900,235976
17031090100,143957
17031090200,152115
17031090300,122235
17031100100,143751
17031100200,115141
17031100300,108292
17031100400,118911
17031100500,102071
17031100600,91573
17031100700,115837
17031110100,89645
17031110200,81226
17031110300,97971
17031110400,84775
17031110501,101222
17031110502,81817
17031120100,177723
17031120200,150638
17031120300,186927
17031120400,120160
17031130100,88353
17031130200,110606
17031130300,82823
17031140100,75378
17031140200,80763
17031140301,70106
17031140302,92708
17031140400,108506
17031140500,90179
17031140601,88597
17031140602,81023
17031140701,86144
17031140702,90047
17031140800,114904
17031150200,100164
17031150300,90036
17031150401,85772
17031150402,99717
17031150501,110235
17031150502,92014
17031150600,87707
17031150700,89108
17031150800,99566
17031151001,89487
17031151002,82068
17031151100,84761
17031151200,84311
17031160100,98465
17031160200,144629
17031160300,85836
17031160400,86609
17031160501,84896
17031160502,87201
17031160601,88411
17031160602,89041
17031160700,98764
17031160800,88747
17031160900,110432
17031161000,127898
17031161100,191571
17031161200,84455
17031161300,65138
17031170100,51689
17031170200,97387
17031170300,90145
17031170400,87141
17031170500,101611
17031170600,84343
17031170700,76949
17031170800,85762
17031170900,69578
17031171000,107698
17031171100,93105
17031180100,86401
17031190100,63945
17031190200,80173
17031190300,70077
17031190401,86971
17031190402,68724
17031190601,83849
17031190602,68576
17031190701,67712
17031190702,71054
17031190800,70312
17031190900,61291
17031191000,72565
17031191100,56474
17031191200,56645
17031191301,84850
17031191302,81579
17031200100,78972
17031200200,68443
17031200300,77584
17031200401,63074
17031200402,84082
17031210100,111698
17031210400,72928
17031210501,64910
17031210502,81044
17031210601,106461
17031210602,108581
17031210700,89927
17031210800,87184
17031210900,109783
17031220300,123271
17031220400,120238
17031220500,94636
17031220601,98295
17031220602,74129
17031220701,82370
17031220702,83630
17031220901,76123
17031220902,82445
17031221000,82116
17031221100,92580
17031221200,179042
17031221300,98771
17031221400,122367
17031221500,121261
17031221600,192052
17031222200,218168
17031222500,128026
17031222600,98371
17031222700,78071
17031222800,78500
17031222900,79528
17031230100,112220
17031230200,76190
17031230300,64240
17031230400,69677
17031230500,41913
17031230600,59489
17031230700,54687
17031230800,69033
17031230900,79678
17031231100,78522
17031231200,45081
17031231500,43313
17031240200,210565
17031240300,230967
17031240500,209911
17031240600,187661
17031240700,137147
17031240800,115383
17031240900,71717
17031241000,100277
17031241100,104225
17031241200,132671
17031241300,192581
17031241400,204770
17031241500,195083
17031241600,122198
17031242000,126523
17031242100,168992
17031242200,177516
17031242300,128990
17031242400,116392
17031242500,85907
17031242600,95822
17031242700,90760
17031242800,151204
17031242900,150995
17031243000,119561
17031243100,147679
17031243200,148235
17031243300,154481
17031243400,107931
17031243500,171440
17031250200,72703
17031250300,60246
17031250400,88938
17031250500,106442
17031250600,77424
17031250700,53061
17031250800,53610
17031251000,49123
17031251100,42823
17031251200,65307
17031251300,49455
17031251400,37082
17031251500,67954
17031251600,44557
17031251700,57338
17031251800,35667
17031251900,42099
17031252000,35695
17031252101,72675
17031252102,43456
17031252201,51238
17031252202,46613
17031260100,37808
17031260200,45263
17031260300,29386
17031260400,38421
17031260500,43863
17031260600,43375
17031260700,45331
17031260800,42618
17031260900,32268
17031261000,44836
17031270500,29820
17031271200,54856
17031271300,38068
17031271400,40478
17031271500,52422
17031271800,36721
17031280100,166723
17031280400,76490
17031280800,34065
17031280900,153110
17031281900,133564
17031282700,97922
17031282800,107020
17031283100,66029
17031283200,97851
17031283800,101272
17031290900,45266
17031291200,39291
17031291600,78810
17031292200,51838
17031292400,94351
17031292500,46200
17031300500,63256
17031300600,52197
17031300700,48624
17031300800,32747
17031300900,34947
17031301100,43532
17031301200,54866
17031301600,38554
17031301701,62705
17031301702,59057
17031301801,51350
17031301802,49785
17031301803,50860
17031310200,106084
17031310300,78359
17031310400,81462
17031310500,62866
17031310600,77026
17031310700,58083
17031310800,83306
17031310900,76354
17031320101,224823
17031320102,230462
17031320400,258194
17031320600,127035
17031330101,192433
17031330102,164055
17031330103,110729
17031330200,157455
17031340300,53698
17031340400,70370
17031340500,50429
17031340600,21927
17031350100,74642
17031350400,29194
17031351000,57004
17031351100,24213
17031351400,35904
17031351500,45068
17031360200,42116
17031380100,53080
17031380200,57949
17031380600,48544
17031381200,57496
17031381400,46953
17031381500,40801
17031381700,-
17031381800,53763
17031381900,67644
17031390100,93545
17031390200,125931
17031390300,52093
17031390400,60713
17031390500,112497
17031390600,140963
17031390700,86574
17031400300,46515
17031400400,38678
17031400500,30599
17031400800,23478
17031410100,71809
17031410200,69853
17031410500,87387
17031410600,70726
17031410700,60387
17031410800,55676
17031410900,106493
17031411000,108401
17031411100,159962
17031411200,278300
17031420100,33321
17031420200,50982
17031420300,48444
17031420400,39354
17031420500,39208
17031420600,41254
17031420700,35690
17031420800,54470
17031421200,36984
17031430101,59964
17031430102,49123
17031430200,70308
17031430300,66711
17031430400,43240
17031430500,41566
17031430600,85184
17031430700,55295
17031430800,61597
17031430900,45764
17031431200,67520
17031431301,35000
17031431302,43059
17031431400,45951
17031440101,27764
17031440102,46816
17031440201,61118
17031440202,43338
17031440300,70677
17031440600,78129
17031440700,60765
17031440800,42496
17031440900,64537
17031450300,61527
17031460100,50071
17031460200,34878
17031460301,46530
17031460302,49388
17031460400,57798
17031460500,68107
17031460800,35612
17031461000,30526
17031470100,57022
17031480100,67143
17031480200,56656
17031480300,70995
17031480400,88609
17031480500,69382
17031490200,67878
17031490500,71605
17031490600,59803
17031490700,59316
17031490800,56831
17031490901,44090
17031490902,60341
17031491000,35786
17031491100,59455
17031491200,64392
17031491300,57789
17031491400,45810
17031500100,65437
17031500200,40501
17031500300,58269
17031510100,45069
17031510200,56627
17031510300,48357
17031520100,66614
17031520200,54343
17031520300,57850
17031520400,68431
17031520500,90411
17031520600,74059
17031530100,40213
17031530200,57956
17031530300,53878
17031530400,79249
17031530501,65227
17031530502,64536
17031530503,70487
17031530600,58488
17031540101,34162
17031540102,36142
17031550100,69271
17031550200,70899
17031560100,67543
17031560200,61416
17031560300,66284
17031560400,71266
17031560700,73429
17031560800,100341
17031560900,112067
17031561000,106289
17031561100,100013
17031570100,72484
17031570200,63966
17031570300,64944
17031570400,78653
17031570500,60463
17031580100,54650
17031580200,55640
17031580300,71056
17031580400,71739
17031580501,60724
17031580502,60114
17031580600,59240
17031580700,70097
17031580800,64812
17031590500,74766
17031590600,73346
17031590700,75741
17031600400,76109
17031600600,51888
17031600700,62872
17031600900,71333
17031610300,40109
17031610400,47365
17031610800,69280
17031611200,36046
17031611300,39191
17031611400,41851
17031611500,45908
17031611600,43238
17031611700,29681
17031611800,54401
17031611900,38977
17031612000,44073
17031612100,40327
17031612200,42632
17031620100,86535
17031620200,70299
17031620300,72255
17031620400,68835
17031630300,65085
17031630400,46197
17031630500,53571
17031630600,50349
17031630800,65388
17031630900,47771
17031640100,77286
17031640300,75115
17031640400,84279
17031640500,85279
17031640600,60960
17031640700,70596
17031640800,73449
17031650100,57985
17031650200,82081
17031650301,77688
17031650302,68534
17031650400,62998
17031650500,81036
17031660301,33330
17031660302,44498
17031660400,56582
17031660500,49288
17031660600,45152
17031660700,34086
17031660800,54014
17031660900,50830
17031661000,49132
17031661100,70962
17031670100,30856
17031670200,74315
17031670300,38378
17031670400,39992
17031670500,38423
17031670600,41852
17031670700,44004
17031670800,38249
17031670900,47415
17031671100,30226
17031671200,45436
17031671300,32534
17031671400,38500
17031671500,53532
17031671600,35580
17031671800,76737
17031671900,58593
17031672000,52676
17031680500,35774
17031680600,35864
17031680900,26520
17031681000,34713
17031681100,28993
17031681200,27546
17031681300,25533
17031681400,52704
17031690300,45170
17031690400,42582
17031690500,44278
17031690900,49585
17031691000,57390
17031691100,35595
17031691200,40451
17031691300,63143
17031691400,46834
17031691500,27958
17031700100,82904
17031700200,82621
17031700301,81025
17031700302,85534
17031700401,82780
17031700402,79558
17031700501,74549
17031700502,91114
17031710100,31006
17031710200,47360
17031710300,52377
17031710400,50158
17031710500,48702
17031710600,57242
17031710700,47664
17031710800,35579
17031710900,42055
17031711000,57753
17031711100,74507
17031711200,72307
17031711300,56365
17031711400,54174
17031711500,58537
17031720100,220251
17031720200,133275
17031720300,151623
17031720400,116497
17031720500,130677
17031720600,156947
17031720700,114345
17031730100,61421
17031730201,49935
17031730202,78825
17031730300,54375
17031730400,90298
17031730500,65158
17031730600,60628
17031730700,63598
17031740100,99153
17031740200,112832
17031740300,122875
17031740400,100851
17031750100,68039
17031750200,100129
17031750300,118024
17031750400,120567
17031750500,69667
17031750600,59705
17031760801,76691
17031760802,77779
17031760803,66099
17031770201,85206
17031770202,86785
17031770300,94846
17031770400,94172
17031770500,48726
17031770601,112004
17031770602,79076
17031770700,79322
17031770800,84445
17031770901,100085
17031770902,76564
17031800100,448853
17031800200,285046
17031800300,365653
17031800400,370256
17031800500,412374
17031800600,339832
17031800700,317466
17031800800,186412
17031800900,155112
17031801000,217080
17031801100,275777
17031801200,357581
17031801300,263888
17031801400,189607
17031801500,178828
17031801601,160414
17031801603,85810
17031801605,180646
17031801606,175832
17031801607,157695
17031801608,157320
17031801701,217758
17031801702,200381
17031801800,258339
17031801901,154561
17031801902,216558
17031802002,161110
17031802003,146276
17031802004,71945
17031802100,196068
17031802200,199005
17031802300,184019
17031802402,109519
17031802403,84223
17031802404,74267
17031802503,93444
17031802504,98709
17031802505,73083
17031802506,96331
17031802605,112296
17031802607,169434
17031802608,94990
17031802609,69926
17031802610,106958
17031802701,135057
17031802702,112153
17031802801,143576
17031802802,122323
17031802900,158942
17031803005,111032
17031803007,106660
17031803008,144157
17031803010,134175
17031803012,104537
17031803013,112138
17031803014,80173
17031803015,130902
17031803016,121686
17031803017,126009
17031803100,157617
17031803200,117334
17031803300,121624
17031803400,150481
17031803500,133483
17031803603,217240
17031803604,96080
17031803605,108164
17031803607,120306
17031803608,128957
17031803611,70505
17031803612,64868
17031803613,87788
17031803614,60324
17031803615,125674
17031803616,112136
17031803701,108598
17031803702,137795
17031803800,123347
17031803901,93480
17031803902,97319
17031804000,92009
17031804102,179668
17031804104,159159
17031804105,161581
17031804106,139104
17031804108,94894
17031804109,144689
17031804202,175642
17031804203,242045
17031804204,196439
17031804305,79080
17031804306,85647
17031804308,87379
17031804309,112432
17031804312,163664
17031804313,109327
17031804314,149404
17031804315,94035
17031804316,122875
17031804403,107863
17031804404,88263
17031804405,67763
17031804406,85641
17031804505,81311
17031804506,111971
17031804508,72547
17031804509,96419
17031804510,75994
17031804511,81339
17031804512,109863
17031804513,115391
17031804514,128822
17031804603,83330
17031804606,144293
17031804607,117227
17031804608,122693
17031804609,164913
17031804610,96366
17031804611,93614
17031804701,85023
17031804705,83564
17031804706,130557
17031804709,80267
17031804710,103554
17031804711,84734
17031804712,104156
17031804713,91145
17031804714,93252
17031804715,57091
17031804716,109602
17031804803,94712
17031804804,83415
17031804805,101725
17031804806,97557
17031804807,99616
17031804808,123715
17031804809,107342
17031804810,95781
17031804901,135065
17031804902,118083
17031805001,134206
17031805002,68052
17031805105,81880
17031805106,101827
17031805107,68039
17031805108,78907
17031805109,102868
17031805110,89482
17031805111,70374
17031805112,78079
17031805201,121157
17031805202,118071
17031805301,106443
17031805302,105345
17031805401,114329
17031805402,111924
17031805501,140868
17031805502,183495
17031805600,185949
17031805701,166919
17031805702,149728
17031805801,147391
17031805802,135161
17031805901,86271
17031805902,151344
17031806001,77747
17031806002,94861
17031806004,82755
17031806005,95853
17031806006,71665
17031806102,106542
17031806103,111852
17031806104,55769
17031806201,72363
17031806202,72960
17031806300,125904
17031806400,124665
17031806501,62874
17031806502,78684
17031806600,94204
17031806700,153604
17031806801,91534
17031806802,95014
17031806900,109101
17031807000,73895
17031807100,174350
17031807200,117526
17031807300,77092
17031807400,103219
17031807500,131185
17031807600,93940
17031807700,84252
17031807800,132752
17031807900,155882
17031808001,125254
17031808002,92257
17031808100,58281
17031808200,87202
17031808301,90638
17031808302,95488
17031808400,116634
17031808500,119416
17031808600,243601
17031808702,93602
17031808800,334873
17031808900,207153
17031809000,234198
17031809100,157342
17031809200,56851
17031809300,81243
17031809401,152335
17031809402,67028
17031809500,116681
17031809600,102519
17031809700,140682
17031809800,135917
17031809900,184606
17031810000,149177
17031810100,131079
17031810200,73789
17031810301,99416
17031810302,126925
17031810400,138972
17031810501,99546
17031810502,87004
17031810600,75418
17031810701,62517
17031810702,76699
17031810800,88367
17031810900,73648
17031811000,108251
17031811100,62343
17031811200,84902
17031811301,74722
17031811302,57094
17031811401,83646
17031811402,83777
17031811500,81763
17031811600,69876
17031811701,69847
17031811702,65845
17031811800,82626
17031811900,238110
17031812000,192132
17031812100,144930
17031812200,254028
17031812301,112805
17031812302,168536
17031812400,256794
17031812500,112635
17031812600,95712
17031812700,115665
17031812801,85884
17031812802,111071
17031812900,137124
17031813000,164155
17031813100,124610
17031813200,137724
17031813301,62303
17031813302,56624
17031813400,69072
17031813500,79337
17031813600,61736
17031813701,124689
17031813702,81145
17031813801,54888
17031813802,57454
17031813900,61890
17031814000,68498
17031814100,56685
17031814200,64759
17031814300,52970
17031814400,60025
17031814500,78542
17031814600,84042
17031814700,79484
17031814800,72316
17031814900,65494
17031815000,76174
17031815100,67791
17031815200,69860
17031815300,98610
17031815400,67296
17031815500,85359
17031815600,78286
17031815701,148144
17031815702,152705
17031815800,102245
17031815900,87386
17031816000,124193
17031816100,82258
17031816200,84668
17031816300,75929
17031816401,68658
17031816402,67297
17031816500,50734
17031816600,65163
17031816700,61707
17031816800,78021
17031816900,82098
17031817000,71247
17031817101,67546
17031817102,104227
17031817200,57069
17031817300,60019
17031817400,73803
17031817500,63614
17031817600,73077
17031817700,75658
17031817900,70345
17031818000,82138
17031818100,100046
17031818200,107092
17031818300,75607
17031818401,79592
17031818402,79268
17031818500,107793
17031818600,111191
17031818700,111969
17031818800,107408
17031818900,118023
17031819000,173795
17031819100,70988
17031819200,80699
17031819300,88569
17031819400,87642
17031819500,115885
17031819600,221358
17031819700,200943
17031819801,225153
17031819802,280400
17031819900,251095
17031820000,394313
17031820101,154845
17031820103,128005
17031820104,99293
17031820202,69907
17031820203,216407
17031820204,154175
17031820300,74080
17031820400,63992
17031820501,85191
17031820502,71956
17031820603,84048
17031820604,59156
17031820605,60555
17031820606,97811
17031820700,71986
17031820800,92989
17031820901,75434
17031820902,94542
17031821001,74834
17031821002,76068
17031821101,85825
17031821102,89929
17031821200,62693
17031821300,56393
17031821401,58632
17031821402,67341
17031821500,40015
17031821600,86242
17031821700,96046
17031821800,90472
17031821900,96943
17031822000,57588
17031822101,84371
17031822102,74268
17031822200,87042
17031822301,90898
17031822302,72934
17031822400,71635
17031822500,90853
17031822601,94564
17031822602,97494
17031822701,79080
17031822702,78988
17031822801,100693
17031822802,97095
17031822900,74737
17031823001,61197
17031823002,66632
17031823101,69648
17031823102,72107
17031823200,78289
17031823302,59415
17031823303,81236
17031823304,65454
17031823400,58214
17031823500,84475
17031823602,76535
17031823603,57471
17031823604,120975
17031823605,97973
17031823702,86866
17031823703,62733
17031823704,106064
17031823705,85241
17031823801,140981
17031823803,84843
17031823805,69960
17031823806,65711
17031823901,124263
17031823903,123748
17031823904,123193
17031824003,115936
17031824004,119773
17031824005,140738
17031824006,151929
17031824105,123964
17031824106,103823
17031824107,101787
17031824113,124850
17031824114,140368
17031824115,81143
17031824116,86895
17031824119,117389
17031824121,89932
17031824122,145441
17031824123,94658
17031824124,79107
17031824125,114391
17031824126,131608
17031824127,108840
17031824128,120992
17031824129,130360
17031824300,49144
17031824400,50891
17031824503,87197
17031824505,79319
17031824507,82286
17031824508,69426
17031824509,104561
17031824601,92826
17031824602,88910
17031824701,69012
17031824702,69978
17031824800,56282
17031824900,62354
17031825000,80819
17031825200,79079
17031825302,104796
17031825303,84809
17031825304,93139
17031825400,83077
17031825501,74535
17031825503,58270
17031825504,73532
17031825505,71884
17031825600,63443
17031825700,58788
17031825801,56118
17031825802,71679
17031825803,58478
17031825900,69607
17031826000,54530
17031826100,53192
17031826201,54296
17031826202,53324
17031826301,69104
17031826303,67053
17031826304,52638
17031826401,59964
17031826402,58579
17031826500,53575
17031826600,52543
17031826700,53276
17031826800,51004
17031826901,42654
17031826902,47710
17031827000,56635
17031827100,36483
17031827200,63900
17031827300,43663
17031827400,43312
17031827500,59415
17031827600,52701
17031827700,54872
17031827801,69569
17031827802,86540
17031827804,76043
17031827805,85909
17031827901,100940
17031827902,90407
17031828000,68013
17031828100,68059
17031828201,84884
17031828202,76702
17031828300,68614
17031828401,81243
17031828402,64239
17031828503,58131
17031828504,57825
17031828505,78929
17031828507,87932
17031828508,58636
17031828601,96416
17031828602,113345
17031828701,75786
17031828702,68922
17031828801,133773
17031828802,90569
17031828900,55535
17031829000,33561
17031829100,46298
17031829200,60054
17031829301,89322
17031829302,50932
17031829401,45659
17031829402,50607
17031829500,48155
17031829600,65295
17031829700,64528
17031829800,137720
17031829902,128302
17031829903,78046
17031829904,97872
17031830001,52483
17031830003,102042
17031830004,113302
17031830005,116614
17031830006,58020
17031830007,57279
17031830008,100488
17031830100,91258
17031830201,61253
17031830202,97899
17031830300,49593
17031830400,60416
17031830500,52638
17031830600,74801
17031830700,80927
17031830800,97979
17031830900,143347
17031831000,203479
17031831100,92539
17031831200,79445
17031831300,78190
17031831400,43451
17031831500,69985
17031831600,83472
17031831700,77713
17031831800,80917
17031831900,190824
17031832000,151968
17031832100,103919
17031832200,169608
17031832300,149831
17031832400,148090
17031832500,207425
17031832600,260865
17031832900,107610
17031833000,174217
17031833100,156812
17031833300,114449
17031833900,54334
17031834000,51005
17031834200,80809
17031834300,68653
17031834400,67825
17031834500,46986
17031834600,45869
17031834700,45589
17031834800,32748
17031834900,24344
17031835000,50518
17031835100,56463
17031835200,80080
17031835500,26516
17031835600,23678
17031835800,71840
17031836000,101503
17031836100,34115
17031836200,215610
17031836300,66919
17031836400,54402
17031836500,89363
17031836600,67667
17031836700,54259
17031836800,24388
17031836900,39393
17031837000,45950
17031837100,42452
17031837300,34256
17031837400,50352
17031837800,68706
17031838000,54264
17031838100,67426
17031838200,187542
17031838300,133694
17031838600,29161
17031838700,32319
17031838800,48155
17031839000,118218
17031839100,151704
17031839200,65607
17031839500,73031
17031839600,60119
17031839700,96054
17031839800,76188
17031839900,89747
17031840000,115435
17031840100,67709
17031840200,65914
17031840300,88782
17031840400,65160
17031840700,73598
17031840800,49275
17031841000,95119
17031841100,64050
17031841200,62606
17031841300,80039
17031841500,40630
17031841700,35032
17031841800,50013
17031841900,132275
17031842000,126982
17031842100,47734
17031842200,123906
17031842300,159528
17031842400,61198
17031842500,21704
17031842600,93803
17031842800,46574
17031842900,55819
17031843000,33572
17031843100,53000
17031843200,70914
17031843300,66149
17031843400,33822
17031843500,43878
17031843600,60962
17031843700,204726
17031843800,71232
17031843900,56631
17031844600,62895
17031844700,45058
17031980000,-
17031980100,-
17031990000,-
17033880100,85994
17033880200,67373
17033880300,65534
17033880400,53013
17033880500,67641
17033880600,73068
17035972400,60581
17035972500,75425
17035972600,79009
17037000100,88714
17037000200,91516
17037000300,102271
17037000401,91645
17037000402,111055
17037000500,76256
17037000600,79411
17037000700,82292
17037000800,82723
17037000900,91977
17037001002,27971
17037001003,28222
17037001004,92544
17037001300,66432
17037001400,82374
17037001500,57098
17037001600,89211
17037001700,90186
17037001800,84804
17037001900,95677
17037002000,87729
17037002100,69868
17037002200,33145
17039971400,64764
17039971500,83756
17039971600,83283
17039971700,60759
17039971800,62956
17041952000,77023
17041952100,68236
17041952200,73687
17041952300,74645
17041952400,70735
17043840000,76797
17043840101,94714
17043840102,97890
17043840103,103904
17043840104,72260
17043840201,148055
17043840202,110901
17043840303,73529
17043840304,95451
17043840600,139902
17043840703,77525
17043840704,68585
17043840705,119435
17043840706,104652
17043840801,58386
17043840802,83006
17043840901,110043
17043840904,64328
17043840906,59867
17043840907,89010
17043840908,100521
17043840910,84866
17043840911,100814
17043841002,121742
17043841003,90642
17043841004,106976
17043841102,88220
17043841103,106481
17043841104,110877
17043841108,89039
17043841109,100884
17043841110,97194
17043841111,101433
17043841112,168141
17043841113,134410
17043841114,109615
17043841204,93408
17043841205,125715
17043841206,98980
17043841207,91901
17043841208,82611
17043841209,114749
17043841210,84050
17043841307,125247
17043841308,145339
17043841310,176574
17043841312,88991
17043841313,89050
17043841314,126066
17043841315,87028
17043841316,128706
17043841318,119337
17043841320,84769
17043841321,120052
17043841322,104026
17043841323,98396
17043841324,135630
17043841325,117774
17043841326,151509
17043841327,149759
17043841401,110437
17043841403,123489
17043841404,150962
17043841501,83061
17043841503,106904
17043841504,72211
17043841603,102933
17043841604,103942
17043841605,107571
17043841606,117475
17043841607,101932
17043841704,158018
17043841705,110623
17043841706,98498
17043841707,78567
17043841708,66318
17043841801,140877
17043841802,150157
17043841901,190073
17043841902,120008
17043842000,235856
17043842100,167615
17043842200,156892
17043842300,193295
17043842400,119890
17043842500,157542
17043842601,194887
17043842602,216508
17043842603,127035
17043842604,106115
17043842605,148403
17043842702,137901
17043842703,146546
17043842704,89495
17043842706,150357
17043842708,204590
17043842709,112167
17043842710,92668
17043842711,156406
17043842800,164746
17043842900,198129
17043843000,159165
17043843100,76022
17043843200,88260
17043843301,90088
17043843302,110818
17043843400,129326
17043843500,105583
17043843601,100283
17043843602,104788
17043843700,107589
17043843800,101210
17043843900,176472
17043844001,179620
17043844002,258047
17043844100,181257
17043844201,113835
17043844202,127508
17043844304,98826
17043844305,84383
17043844306,73903
17043844307,94603
17043844308,79569
17043844309,111182
17043844310,86680
17043844401,160510
17043844402,180815
17043844501,92913
17043844502,129078
17043844601,167030
17043844602,115326
17043844701,102924
17043844702,235998
17043844801,162586
17043844802,140234
17043844901,128217
17043844902,163535
17043845000,124549
17043845100,214312
17043845200,323703
17043845300,462957
17043845401,280092
17043845402,163123
17043845502,95303
17043845505,128435
17043845506,79633
17043845507,136602
17043845508,102910
17043845509,188254
17043845510,101260
17043845601,110755
17043845602,121099
17043845701,140120
17043845702,157919
17043845703,103125
17043845704,86430
17043845802,102098
17043845803,104059
17043845805,122148
17043845807,146258
17043845808,154206
17043845809,138940
17043845810,83716
17043845811,93408
17043845901,224223
17043845902,197552
17043846002,94518
17043846003,106031
17043846004,92212
17043846102,93224
17043846103,151879
17043846104,154559
17043846105,179713
17043846106,173391
17043846201,125701
17043846202,133310
17043846203,159216
17043846205,200366
17043846206,129799
17043846207,172134
17043846208,188964
17043846209,248580
17043846304,164881
17043846305,97305
17043846307,85817
17043846308,90753
17043846310,72050
17043846311,101796
17043846312,105046
17043846313,153328
17043846314,123784
17043846315,124330
17043846404,104910
17043846405,162929
17043846408,180749
17043846409,176343
17043846410,91850
17043846411,114070
17043846412,123356
17043846413,118710
17043846504,120836
17043846507,115256
17043846509,104470
17043846510,100782
17043846511,93118
17043846513,174852
17043846514,178006
17043846515,94781
17043846517,142638
17043846518,176961
17043846519,108346
17043846521,171689
17043846522,140362
17043846523,165724
17043846524,135679
17043846603,70816
17043846604,100672
17043846701,78117
17043846702,92788
17045070100,75642
17045070200,63248
17045070300,53106
17045070400,54597
17045070500,68255
17047956900,64440
17047957000,70447
17047957100,60934
17049950100,105510
17049950200,109900
17049950300,74527
17049950400,60030
17049950500,82506
17049950600,90067
17049950700,60550
17049950800,64619
17051950500,61593
17051950600,74194
17051950700,68501
17051950800,52156
17051950900,42590
17051951000,58234
17051951100,65814
17053961600,62358
17053961700,70598
17053961800,66271
17053961900,90895
17053962000,60328
17055040100,65923
17055040200,62937
17055040300,48582
17055040400,54725
17055040500,61944
17055040600,64484
17055040700,66337
17055040800,66163
17055040900,40635
17055041000,40248
17055041100,48931
17055041200,63793
17057952800,63669
17057952900,86241
17057953000,72389
17057953100,61694
17057953200,85177
17057953300,95998
17057953400,61505
17057953500,76992
17057953600,64827
17057953700,62740
17057953800,71889
17057953900,55606
17059972700,69682
17059972800,67240
17061973600,68606
17061973700,52332
17061973800,78155
17061973900,53282
17061974000,73306
17063000102,94538
17063000103,103515
17063000200,98994
17063000300,67065
17063000400,72397
17063000500,98214
17063000600,84447
17063000700,95194
17063000800,97884
17063000900,84306
17065973100,60659
17065973200,71569
17065973300,71759
17067953700,60786
17067953800,79272
17067953900,58881
17067954000,71716
17067954100,77519
17067954200,76453
17067954300,63441
17069970900,63034
17069971000,70594
17071973300,53272
17071973400,89853
17071973500,64403
17073030100,77572
17073030201,105077
17073030202,77788
17073030203,127683
17073030301,79691
17073030302,65954
17073030400,77162
17073030500,80833
17073030600,49729
17073030800,36522
17073030900,52897
17073031000,67607
17073031100,55689
17073031200,79943
17075950100,69306
17075950200,75152
17075950300,71479
17075950400,46261
17075950500,66890
17075950600,62586
17075950700,88400
17075950800,75033
17075950900,63218
17077010100,91468
17077010200,58767
17077010300,81918
17077010400,89727
17077010601,60861
17077010602,50077
17077010700,41279
17077010800,51924
17077010900,63178
17077011001,71018
17077011002,94285
17077011100,23230
17077011200,30537
17077011400,39351
17077011600,105175
17077011701,60368
17077011702,59026
17079977300,75238
17079977400,55375
17079977500,76459
17081050100,70322
17081050200,67294
17081050300,70447
17081050400,70423
17081050500,54491
17081050600,84354
17081050700,75081
17081050800,78505
17081050900,45998
17081051000,52454
17081051100,57853
17083010100,80112
17083010200,84937
17083010300,88626
17083010401,86739
17083010402,73246
17083010500,74862
17085020101,82777
17085020102,62699
17085020200,71664
17085020300,89092
17085020401,100224
17085020402,58498
17085020500,61222
17087977600,85663
17087977700,66517
17087977800,53764
17087980000,N
17089850101,93070
17089850103,133725
17089850105,127139
17089850106,141878
17089850201,83892
17089850202,67729
17089850301,68760
17089850302,70228
17089850400,119910
17089850500,86523
17089850600,132118
17089850703,142087
17089850704,54332
17089850705,149330
17089850706,80444
17089850707,106580
17089850708,104661
17089850709,167511
17089850710,125013
17089850711,251565
17089850800,80152
17089851000,69494
17089851101,72594
17089851102,81741
17089851301,56339
17089851302,69559
17089851400,72363
17089851500,76247
17089851600,69897
17089851801,94394
17089851904,90823
17089851907,112936
17089851908,86533
17089851909,96377
17089851910,102485
17089851911,149206
17089851912,104030
17089851913,112822
17089852001,117909
17089852002,111406
17089852004,181956
17089852005,191418
17089852101,201648
17089852103,172509
17089852104,157745
17089852201,102027
17089852203,103877
17089852204,149227
17089852300,77749
17089852403,110210
17089852404,275303
17089852405,130318
17089852406,162623
17089852407,257781
17089852408,152972
17089852500,113989
17089852606,154632
17089852607,143525
17089852608,151307
17089852700,106437
17089852803,106896
17089852805,113373
17089852806,158570
17089852807,171709
17089852808,116231
17089852903,96799
17089852904,55948
17089852905,55631
17089852906,84987
17089852907,71607
17089853001,86140
17089853004,68725
17089853005,64503
17089853006,74940
17089853007,69527
17089853008,84545
17089853100,80004
17089853200,70656
17089853300,66765
17089853401,67222
17089853402,57796
17089853500,70606
17089853601,93516
17089853602,55686
17089853900,91110
17089854001,99013
17089854002,87204
17089854100,97766
17089854200,66668
17089854301,67333
17089854302,75859
17089854401,53553
17089854402,82508
17089854403,73083
17089854504,134529
17089854505,171491
17089854506,164785
17089854507,133804
17089854508,117331
17089854509,137437
17089854600,60542
17089854700,61142
17089854800,142763
17089854900,78348
17091010100,81178
17091010201,104294
17091010203,81885
17091010204,77625
17091010300,89534
17091010400,111375
17091010500,108685
17091010601,111205
17091010602,81642
17091010701,95941
17091010702,57681
17091010800,68939
17091010900,67256
17091011000,41534
17091011100,69407
17091011200,79134
17091011300,76975
17091011400,50465
17091011500,42880
17091011600,38408
17091011700,37465
17091011800,66266
17091011900,50953
17091012000,62882
17091012100,64070
17091012200,71820
17091012300,41282
17091012400,63867
17091012500,58034
17091012600,89242
17093890103,99920
17093890104,100603
17093890105,114730
17093890106,90114
17093890107,132340
17093890108,132642
17093890201,87771
17093890202,75682
17093890301,136424
17093890302,99728
17093890401,96611
17093890402,141296
17093890403,103441
17093890404,107447
17093890501,91702
17093890502,88189
17093890601,108879
17093890602,134936
17093890701,102088
17093890702,173140
17093890703,107945
17095000100,70811
17095000200,79404
17095000300,57777
17095000400,58554
17095000500,58153
17095000600,61356
17095000700,49964
17095000800,29165
17095000900,37781
17095001000,48011
17095001100,54236
17095001200,72448
17095001300,69730
17095001400,93554
17095001500,50535
17095001600,72325
17097860103,107946
17097860104,89787
17097860105,93954
17097860106,77174
17097860200,71329
17097860301,61171
17097860302,53232
17097860400,91850
17097860500,50211
17097860600,65821
17097860805,106433
17097860806,83963
17097860807,68934
17097860808,101647
17097860809,135252
17097860811,120812
17097860812,141916
17097860813,105904
17097860903,77890
17097860905,89512
17097860906,109945
17097860907,95088
17097860908,66417
17097861007,140067
17097861008,109886
17097861009,134643
17097861010,115728
17097861011,128759
17097861012,86336
17097861013,107837
17097861014,95797
17097861105,113902
17097861106,128365
17097861107,174851
17097861108,121278
17097861201,82813
17097861202,90054
17097861301,69946
17097861303,63023
17097861304,104334
17097861402,86245
17097861403,61415
17097861404,73412
17097861504,94543
17097861505,126896
17097861506,89835
17097861507,90868
17097861508,93310
17097861509,112464
17097861510,111784
17097861603,137172
17097861604,150693
17097861607,91014
17097861608,127156
17097861609,153216
17097861610,148723
17097861611,189870
17097861701,93872
17097861702,90632
17097861803,76305
17097861804,56003
17097861901,72762
17097861902,55374
17097862000,53049
17097862100,65714
17097862200,79836
17097862300,42222
17097862401,42777
17097862402,58684
17097862501,65542
17097862502,87427
17097862603,55945
17097862604,63545
17097862605,34563
17097862700,46575
17097862800,50255
17097862901,52288
17097862902,57647
17097863003,129235
17097863004,46815
17097863005,-
17097863006,-
17097863100,53887
17097863201,68883
17097863202,175542
17097863300,300127
17097863400,288567
17097863500,219604
17097863601,254955
17097863603,244658
17097863604,230067
17097863701,165459
17097863702,127942
17097863801,174533
17097863902,94640
17097863903,183266
17097863904,213331
17097864001,93982
17097864002,78328
17097864105,144131
17097864106,129825
17097864107,151772
17097864108,95409
17097864109,158985
17097864110,90101
17097864203,110477
17097864204,92325
17097864206,81128
17097864207,147069
17097864208,95094
17097864303,198963
17097864305,146717
17097864306,237251
17097864307,181716
17097864308,168732
17097864402,198352
17097864403,226840
17097864407,213186
17097864408,133309
17097864409,110042
17097864410,164571
17097864411,199646
17097864412,187632
17097864510,97870
17097864511,130653
17097864512,211864
17097864513,150737
17097864514,154212
17097864515,199905
17097864516,149480
17097864517,215436
17097864518,184318
17097864519,159104
17097864520,165605
17097864521,161255
17097864522,233670
17097864523,112097
17097864524,145697
17097864601,295593
17097864602,275263
17097864700,271602
17097864801,231180
17097864802,211739
17097864901,248048
17097864903,232913
17097864904,136639
17097865000,327984
17097865200,100925
17097865300,195810
17097865400,146048
17097865501,168756
17097865502,269529
17097865600,368702
17097865700,250113
17097865801,171773
17097865802,257502
17097866000,112181
17097866100,53092
17097866200,200459
17097990000,-
17099961701,88893
17099961702,88068
17099961800,68856
17099961900,87168
17099962000,67299
17099962100,79076
17099962200,102020
17099962300,91660
17099962400,79251
17099962500,75177
17099962600,68062
17099962700,45401
17099962800,72410
17099962900,72479
17099963000,74214
17099963100,83745
17099963200,58742
17099963300,44220
17099963400,68213
17099963500,73365
17099963600,76170
17099963700,75503
17099963800,58135
17099963900,53149
17099964000,101794
17099964100,77145
17099964200,62928
17099964300,55222
17101880700,80096
17101880800,68494
17101880900,71137
17101881000,62316
17101881100,61732
17103000100,81218
17103000200,84198
17103000300,68264
17103000400,79352
17103000500,77948
17103000600,46373
17103000700,76849
17103000800,75615
17103000900,72035
17105960100,73402
17105960200,83316
17105960300,68165
17105960400,82549
17105960500,55030
17105960600,68245
17105960700,82693
17105960800,78697
17105960900,73943
17105961000,69793
17107952900,74287
17107953000,89499
17107953100,57227
17107953200,83312
17107953300,62255
17107953400,90347
17107953500,93062
17107953600,78160
17109010100,54649
17109010200,66156
17109010300,89627
17109010401,25683
17109010402,47967
17109010600,61104
17109010700,71628
17109010900,52763
17109011000,72883
17109011100,56750
17109980000,10660
17111870103,86234
17111870104,106283
17111870105,144156
17111870106,126051
17111870200,86213
17111870301,65245
17111870302,67054
17111870402,92670
17111870403,102508
17111870404,103553
17111870501,133683
17111870502,74550
17111870603,76289
17111870604,99150
17111870605,75926
17111870606,84245
17111870702,132628
17111870703,130874
17111870704,94322
17111870807,132460
17111870808,134319
17111870809,129665
17111870810,122813
17111870811,96965
17111870812,87858
17111870813,112448
17111870814,164369
17111870903,72889
17111870904,80483
17111870905,75365
17111870906,94560
17111870907,116928
17111871003,92718
17111871004,91043
17111871105,117891
17111871107,162861
17111871108,136913
17111871109,131007
17111871110,132735
17111871111,128808
17111871112,141597
17111871113,147911
17111871114,136466
17111871115,88798
17111871201,97067
17111871202,74780
17111871205,93228
17111871206,127592
17111871207,98261
17111871208,112314
17111871209,71246
17111871301,103379
17111871304,95504
17111871305,162267
17111871307,141581
17111871310,122090
17111871311,94949
17111871312,122243
17111871313,81394
17111871402,155157
17111871404,102000
17111871501,88327
17111871502,124302
17111871600,115112
17113000105,106550
17113000106,40137
17113000107,80136
17113000108,43913
17113000109,117277
17113000200,10708
17113000301,56436
17113000302,96625
17113000400,73769
17113000501,51237
17113000502,84464
17113000504,75605
17113000506,163422
17113000507,147994
17113001103,84480
17113001105,93332
17113001106,57062
17113001107,108972
17113001108,108099
17113001200,76235
17113001301,67994
17113001302,57852
17113001303,55747
17113001402,119405
17113001403,64650
17113001404,74372
17113001500,43916
17113001600,42259
17113001700,45997
17113001800,92681
17113002101,67893
17113002102,103266
17113005102,113404
17113005103,238490
17113005104,109649
17113005201,116921
17113005202,102144
17113005401,138140
17113005402,85571
17113005501,82797
17113005502,99239
17113005601,72842
17113005602,73824
17113005700,90454
17113005800,64797
17113005900,45075
17113006000,93899
17115000200,42376
17115000300,45358
17115000400,74985
17115000501,32978
17115000502,41280
17115000600,24758
17115000900,32449
17115001000,48270
17115001100,57070
17115001200,57980
17115001300,100684
17115001400,67594
17115001500,80475
17115001600,70731
17115001700,64991
17115001801,70839
17115001802,58057
17115001900,43286
17115002001,35311
17115002002,45671
17115002100,33112
17115002200,79544
17115002300,94480
17115002401,97643
17115002402,104590
17115002500,99580
17115002601,88095
17115002602,79569
17115002700,86693
17115002800,74312
17115002901,124564
17115002902,77499
17115002904,72511
17115002905,61366
17115002906,38913
17115003000,80044
17115003100,30430
17117956000,61236
17117956100,68812
17117956200,59759
17117956300,98823
17117956400,60890
17117956500,90411
17117956600,81819
17117956700,69721
17117956800,68479
17117956900,63542
17117957000,58791
17117957100,69582
17117957200,58600
17119400101,70481
17119400102,55722
17119400200,46837
17119400600,37185
17119400700,43744
17119400801,73425
17119400802,59503
17119400903,57781
17119400904,64654
17119400951,74802
17119400952,70973
17119401000,64261
17119401101,48728
17119401102,70619
17119401200,67653
17119401300,56675
17119401400,55345
17119401500,53826
17119401701,46039
17119401721,81355
17119401722,78921
17119401800,82310
17119401901,84239
17119401905,73097
17119402000,60182
17119402100,46052
17119402200,67269
17119402300,71127
17119402400,59870
17119402500,64186
17119402600,51418
17119402701,76542
17119402721,83572
17119402722,126999
17119402801,93682
17119402803,134514
17119402804,96091
17119402805,106096
17119402900,95947
17119403001,82817
17119403002,102483
17119403101,90316
17119403121,114559
17119403122,128744
17119403200,62658
17119403300,57214
17119403401,69018
17119403403,72553
17119403404,61244
17119403502,108919
17119403531,87989
17119403532,118782
17119403533,96907
17119403534,104000
17119403601,90662
17119403603,95049
17119403604,74219
17119403701,135435
17119403702,138916
17119403801,102647
17119403802,73676
17119404000,39702
17119404100,57800
17121951600,55733
17121951700,79405
17121951800,54685
17121951900,68613
17121952000,71173
17121952100,50690
17121952200,76043
17121952300,67951
17121952400,71352
17121952500,52025
17121952600,53119
17121952700,45426
17123961100,64484
17123961200,57816
17123961300,69965
17123961400,80819
17123961500,66583
17125956300,80966
17125956400,61439
17125956500,54663
17125956600,66300
17125956700,98832
17125956800,61567
17127970100,75225
17127970200,52726
17127970300,61304
17127970400,42647
17129010100,92791
17129010200,98428
17129010300,84482
17131040100,85915
17131040200,63331
17131040300,59455
17131040400,74364
17133600102,129007
17133600103,111838
17133600104,144297
17133600401,85576
17133600402,106991
17133600501,108323
17133600502,96459
17135957300,70996
17135957400,83942
17135957500,71454
17135957600,91273
17135957700,59740
17135957800,41069
17135957900,63119
17135958000,69093
17137951400,59629
17137951500,80180
17137951600,63080
17137951700,50638
17137951800,69458
17137951900,82649
17137952000,51171
17137952100,68570
17137952200,78689
17137952300,88239
17139976900,85409
17139977000,58726
17139977100,88739
17139977200,64842
17141960700,110039
17141960800,69365
17141960900,59788
17141961001,77041
17141961002,86336
17141961100,64673
17141961200,77868
17141961301,94227
17141961302,100700
17141961400,66110
17141961500,71933
17141961600,57773
17141961700,86033
17143000200,38199
17143000300,37583
17143000600,39446
17143000900,25039
17143001200,34606
17143001300,27745
17143001500,36862
17143001600,35565
17143001800,53428
17143001900,72062
17143002000,95978
17143002100,47240
17143002200,58824
17143002300,74299
17143002400,54175
17143002500,55885
17143002600,76068
17143002701,57932
17143002702,56725
17143002800,58708
17143002900,75771
17143003000,83511
17143003101,82689
17143003103,66732
17143003104,104155
17143003200,70422
17143003300,109429
17143003402,138149
17143003403,130988
17143003404,135340
17143003601,73593
17143003602,70861
17143003700,119590
17143003800,66518
17143003900,163095
17143004000,91686
17143004101,129801
17143004102,46443
17143004200,90246
17143004300,45174
17143004400,58245
17143004500,69467
17143004600,66652
17143004801,94420
17143004802,63880
17143004901,77749
17143004902,84378
17143005000,31425
17143005100,25462
17145030100,69339
17145030200,53917
17145030300,76489
17145030400,62090
17145030500,77146
17145030600,51422
17147954500,102222
17147954600,80819
17147954700,69574
17147954800,86954
17149952400,63299
17149952500,61489
17149952600,67502
17149952700,59210
17149952800,65381
17151971200,60808
17151971300,50152
17153971000,59694
17153971100,44422
17155954500,76350
17155954600,73601
17157950500,66247
17157950600,72396
17157950700,69835
17157950800,70525
17157950900,74809
17157951000,79787
17157951100,64924
17157951201,59854
17157951202,72785
17157951300,71328
17159977900,74287
17159978000,38360
17159978100,64815
17159978200,67909
17159978300,79821
17161020101,82715
17161020102,101885
17161020103,79240
17161020200,56944
17161020301,69635
17161020302,59117
17161020400,76620
17161020600,55351
17161020700,46195
17161020800,74113
17161020900,61819
17161021000,63432
17161021100,89755
17161021200,71197
17161021300,54894
17161021400,58462
17161021500,81406
17161021600,59162
17161021700,57936
17161021800,88653
17161021900,43139
17161022000,110899
17161022100,68379
17161022200,55381
17161022300,44266
17161022600,30322
17161022800,52218
17161022900,71555
17161023000,93792
17161023100,83546
17161023200,68365
17161023300,63275
17161023500,57327
17161023600,37414
17161023700,49948
17161024000,92047
17161024101,112973
17161024102,83459
17161024103,99748
17161024200,76974
17161024300,55350
17161024400,33870
17161024500,51402
17163500400,48635
17163500500,41048
17163500900,25580
17163501100,36986
17163501200,45114
17163501300,43823
17163501400,53493
17163501501,69256
17163501502,67989
17163501602,50729
17163501604,44307
17163501605,78869
17163501606,46974
17163501607,72805
17163501700,56964
17163501801,55224
17163501802,51221
17163501900,71019
17163502100,44809
17163502200,23696
17163502300,43448
17163502401,37805
17163502404,52184
17163502500,57429
17163502602,46355
17163502603,50114
17163502700,31646
17163502800,22126
17163502900,43930
17163503101,87326
17163503102,60603
17163503202,72677
17163503203,102715
17163503211,90803
17163503301,57679
17163503304,75561
17163503322,95781
17163503323,145630
17163503324,89252
17163503332,61499
17163503334,79407
17163503404,150534
17163503411,70584
17163503412,89457
17163503413,69560
17163503414,92133
17163503415,105274
17163503416,58530
17163503800,114937
17163503903,125901
17163503905,94787
17163503906,88103
17163503907,125280
17163503908,84035
17163504001,106405
17163504002,70883
17163504351,112018
17163504352,79838
17163504353,163322
17163504354,80004
17163504355,139516
17163504356,92595
17163504357,88915
17163504358,82572
17163504359,79802
17163504501,29892
17163504502,25474
17163504600,38406
17165955100,54341
17165955500,45357
17165955600,84266
17165955700,76499
17165955800,53008
17165955900,42755
17165956000,50782
17165956100,62296
17165956200,95182
17167000100,63437
17167000201,68192
17167000202,52406
17167000300,48688
17167000400,53310
17167000501,84624
17167000503,55269
17167000504,70408
17167000600,39286
17167000700,47156
17167000800,32423
17167000900,31330
17167001001,120723
17167001003,76534
17167001004,59875
17167001100,72157
17167001200,88238
17167001300,49103
17167001400,52472
17167001600,39576
17167001800,56026
17167001900,46388
17167002001,140216
17167002002,95379
17167002100,114748
17167002200,69107
17167002300,39793
17167002400,40930
17167002500,63607
17167002600,58105
17167002700,56338
17167002801,59293
17167002802,42711
17167002900,81488
17167003000,74259
17167003100,129108
17167003201,111412
17167003202,96546
17167003203,129993
17167003300,76612
17167003400,86123
17167003500,77616
17167003601,110589
17167003602,110161
17167003603,155635
17167003604,118682
17167003701,130727
17167003702,117742
17167003801,66275
17167003802,77300
17167003901,122710
17167003902,100687
17167004000,80267
17167004200,33859
17169970100,69766
17169970200,54333
17169970300,76178
17171970600,73974
17171970700,67756
17173959100,71429
17173959200,69066
17173959300,60326
17173959400,66308
17173959500,75396
17173959600,67214
17175951400,58479
17175951500,78559
17177000100,86190
17177000200,79023
17177000300,74552
17177000400,78633
17177000500,80258
17177000600,70824
17177000700,40168
17177000800,29943
17177000900,55384
17177001000,85284
17177001100,56787
17177001200,49067
17177001300,45860
17179020100,74486
17179020301,83359
17179020302,69569
17179020400,71762
17179020500,72820
17179020600,59168
17179020700,64782
17179020800,51688
17179020900,48577
17179021000,70830
17179021101,53865
17179021102,75877
17179021201,115612
17179021202,103115
17179021203,81439
17179021500,88774
17179021603,122352
17179021604,73308
17179021605,82589
17179021606,109881
17179021701,94334
17179021702,101630
17179021801,70857
17179021802,73781
17179021900,78889
17179022000,84115
17179022100,82590
17179022200,82777
17179022300,102881
17179022400,70012
17181950100,79163
17181950200,62843
17181950300,61613
17181950400,53491
17181950500,74881
17183000100,29003
17183000200,69447
17183000300,35636
17183000400,45620
17183000500,51058
17183000600,32666
17183000700,80086
17183000800,50719
17183000900,58693
17183001200,61258
17183001300,93361
17183010100,79336
17183010200,53935
17183010300,79129
17183010400,73809
17183010500,60643
17183010600,57640
17183010701,59471
17183010702,64720
17183010800,75116
17183010900,66176
17183011000,61196
17183011100,63116
17183011200,46390
17185957200,86547
17185957300,63388
17185957400,58743
17185957500,60148
17187870100,80579
17187870200,67821
17187870300,84090
17187870400,63978
17187870500,64185
17189950100,68071
17189950200,78497
17189950300,66588
17189950400,87068
17191954900,69272
17191955000,63786
17191955100,56172
17191955200,56503
17191955300,58296
17193958000,48800
17193958100,62013
17193958200,61508
17193958300,63376
17193958400,66138
17195000100,93493
17195000200,93224
17195000300,72811
17195000400,86049
17195000500,65930
17195000600,75129
17195000700,78733
17195000800,82553
17195000900,96419
17195001000,50267
17195001101,95852
17195001102,51650
17195001200,63775
17195001300,60800
17195001400,73713
17195001500,66401
17195001600,60204
17195001700,52820
17195001800,80815
17197880105,93666
17197880106,84055
17197880107,76461
17197880109,108990
17197880111,89590
17197880112,96973
17197880113,64221
17197880114,59043
17197880115,72783
17197880116,112679
17197880117,64773
17197880118,200941
17197880119,173338
17197880122,149907
17197880123,147114
17197880124,117915
17197880125,152526
17197880202,88991
17197880203,88659
17197880204,78691
17197880303,153347
17197880304,179763
17197880305,219590
17197880307,126890
17197880309,196531
17197880314,203500
17197880315,162807
17197880316,257369
17197880317,181818
17197880318,160791
17197880319,176222
17197880320,166253
17197880321,124275
17197880322,235973
17197880323,210486
17197880324,142404
17197880325,122830
17197880326,136844
17197880408,91567
17197880411,124822
17197880412,97904
17197880414,93737
17197880416,124326
17197880417,97798
17197880418,129624
17197880421,127605
17197880422,131853
17197880423,97439
17197880424,162572
17197880425,104336
17197880426,100652
17197880427,90497
17197880428,103371
17197880429,124549
17197880430,122061
17197880431,104344
17197880432,113986
17197880502,90375
17197880503,72145
17197880508,113171
17197880509,85122
17197880510,64539
17197880511,123149
17197880601,103752
17197880602,77863
17197880701,73101
17197880702,64766
17197880901,65713
17197880903,56732
17197880905,57177
17197881001,113544
17197881002,120963
17197881005,118587
17197881006,116947
17197881007,153476
17197881009,117299
17197881010,119578
17197881011,119610
17197881012,122747
17197881105,155171
17197881107,108050
17197881108,111517
17197881109,120533
17197881111,103663
17197881112,145680
17197881113,140765
17197881115,121723
17197881116,149659
17197881201,51704
17197881202,77618
17197881301,57481
17197881302,45506
17197881401,61459
17197881402,69375
17197881500,80521
17197881601,77159
17197881603,52463
17197881604,67067
17197881700,87626
17197881800,67816
17197881900,36505
17197882000,40379
17197882100,67285
17197882200,55083
17197882300,57632
17197882400,59780
17197882500,46162
17197882601,66049
17197882602,59080
17197882701,94603
17197882702,72337
17197882801,60016
17197882802,50688
17197882900,70693
17197883000,60424
17197883100,68245
17197883206,92355
17197883208,67104
17197883209,90320
17197883210,106101
17197883211,97691
17197883212,139501
17197883213,112518
17197883214,91316
17197883216,121983
17197883217,100792
17197883218,121053
17197883219,105758
17197883303,135845
17197883304,110405
17197883305,111926
17197883306,112423
17197883307,100852
17197883401,68721
17197883402,82570
17197883504,134967
17197883505,150991
17197883507,117062
17197883509,114236
17197883510,121904
17197883511,109426
17197883513,116865
17197883514,133144
17197883515,146381
17197883516,160839
17197883517,119770
17197883519,108947
17197883521,122752
17197883522,118936
17197883602,94669
17197883603,74183
17197883605,56994
17197883606,88961
17197883700,58796
17197883803,48080
17197883804,74926
17197883806,104297
17197883808,84035
17197883809,69801
17197883810,167766
17197883811,88490
17197883902,95942
17197883903,102339
17197883904,79317
17197884003,88145
17197884004,81497
17197884005,91944
17197884006,78824
17197884101,83742
17197884103,88561
17197980000,-
17197980100,152505
17199020100,52522
17199020201,70190
17199020202,101180
17199020300,73992
17199020400,54567
17199020500,61639
17199020600,63794
17199020700,60269
17199020801,64756
17199020802,74220
17199020900,74878
17199021001,54389
17199021002,137852
17199021003,61933
17199021100,40015
17199021200,61607
17199021300,81758
17199021400,79920
17201000101,73979
17201000103,74605
17201000104,52613
17201000105,73960
17201000200,58057
17201000300,58910
17201000401,86788
17201000402,85422
17201000403,105093
17201000501,74557
17201000502,62564
17201000506,99569
17201000507,77068
17201000510,125390
17201000511,116983
17201000512,83991
17201000513,69723
17201000514,98966
17201000515,97157
17201000516,103185
17201000600,82121
17201000700,75973
17201000800,43768
17201001000,21650
17201001100,33448
17201001200,24397
17201001300,49206
17201001400,52224
17201001500,59892
17201001600,40929
17201001700,60435
17201001800,43131
17201001900,57001
17201002000,37489
17201002100,31372
17201002200,46410
17201002301,49174
17201002302,53409
17201002400,35620
17201002500,43009
17201002600,20731
17201002700,44110
17201002800,35100
17201002900,30700
17201003000,94643
17201003100,39728
17201003200,34990
17201003300,44820
17201003400,52342
17201003500,78645
17201003601,72994
17201003602,47891
17201003604,44824
17201003605,41496
17201003606,73553
17201003705,101595
17201003706,80637
17201003707,60976
17201003708,52854
17201003709,43882
17201003710,79655
17201003711,79142
17201003801,91567
17201003805,88824
17201003806,117964
17201003808,80974
17201003809,58445
17201003810,93160
17201003811,102310
17201003901,115747
17201003903,133504
17201003904,79757
17201004002,78817
17201004003,49340
17201004004,65912
17201004005,102678
17201004100,91955
17201004200,94615
17201004300,102593
17201980000,N
17203030100,74544
17203030200,76080
17203030300,78624
17203030400,104773
17203030501,132605
17203030502,77097
17203030601,76168
17203030602,109657
17203030700,97062